aspect,go_id,count
BP,GO:0055085,383
BP,GO:0006355,304
BP,GO:0006974,253
BP,GO:0045892,118
BP,GO:0006811,114
BP,GO:0006310,108
BP,GO:0008652,107
BP,GO:0005975,107
BP,GO:0006412,104
BP,GO:0046677,101
BP,GO:0006865,91
BP,GO:0006508,91
BP,GO:0045893,84
BP,GO:0006281,84
BP,GO:0071555,78
BP,GO:0006629,77
BP,GO:0051301,76
BP,GO:0006351,74
BP,GO:0000160,72
BP,GO:0015031,68
BP,GO:0009103,68
BP,GO:1902600,67
BP,GO:0009061,67
BP,GO:0009401,60
BP,GO:0032196,58
BP,GO:0032259,58
BP,GO:0008033,58
BP,GO:0009408,55
BP,GO:0002181,55
BP,GO:0044010,54
BP,GO:0006979,53
BP,GO:0006313,52
BP,GO:0009252,52
BP,GO:0008360,49
BP,GO:0051289,48
BP,GO:0019645,48
BP,GO:0015833,46
BP,GO:0007155,46
BP,GO:0006260,45
BP,GO:0043709,45
BP,GO:0009314,45
BP,GO:0006950,43
BP,GO:0006364,41
BP,GO:0071973,41
BP,GO:0006457,40
BP,GO:0007165,40
BP,GO:0006935,36
BP,GO:0043093,35
BP,GO:0015074,33
BP,GO:0006099,32
BP,GO:0006826,32
BP,GO:0009432,31
BP,GO:0006879,31
BP,GO:0006631,31
BP,GO:0006417,30
BP,GO:0006520,29
BP,GO:0006396,28
BP,GO:0042254,28
BP,GO:0000027,28
BP,GO:0003333,27
BP,GO:0046835,27
BP,GO:0046777,27
BP,GO:0009636,26
BP,GO:0009244,26
BP,GO:0006259,26
BP,GO:0034220,26
BP,GO:0022904,26
BP,GO:0042128,26
BP,GO:0006261,25
BP,GO:0009060,25
BP,GO:0044780,25
BP,GO:0009245,24
BP,GO:0051604,24
BP,GO:0000270,24
BP,GO:1990961,24
BP,GO:0009410,23
BP,GO:0008643,23
BP,GO:0016226,23
BP,GO:0000271,23
BP,GO:0071978,23
BP,GO:0044281,22
BP,GO:0006400,22
BP,GO:0010468,22
BP,GO:0040008,22
BP,GO:0006813,21
BP,GO:0008654,21
BP,GO:1900190,21
BP,GO:0009073,21
BP,GO:0018106,21
BP,GO:0007059,21
BP,GO:0015944,21
BP,GO:2000142,20
BP,GO:0000917,20
BP,GO:0036460,20
BP,GO:0031564,20
BP,GO:0042908,20
BP,GO:0009242,20
BP,GO:0000028,19
BP,GO:0006418,19
BP,GO:0015949,19
BP,GO:0070475,19
BP,GO:0006633,19
BP,GO:0006744,19
BP,GO:0071468,19
BP,GO:0035442,19
BP,GO:0071805,18
BP,GO:0009082,18
BP,GO:0009254,18
BP,GO:0006164,18
BP,GO:0098869,18
BP,GO:0044781,18
BP,GO:0006814,17
BP,GO:0043165,17
BP,GO:0009451,17
BP,GO:0034219,17
BP,GO:0019752,17
BP,GO:1901135,17
BP,GO:0045454,17
BP,GO:0000725,17
BP,GO:0015847,17
BP,GO:0046336,17
BP,GO:0009086,16
BP,GO:0010165,16
BP,GO:2000143,16
BP,GO:0015628,16
BP,GO:0033214,16
BP,GO:0030488,16
BP,GO:0006402,16
BP,GO:0006970,16
BP,GO:0034599,16
BP,GO:0009411,16
BP,GO:0006096,16
BP,GO:0006007,16
BP,GO:0006635,15
BP,GO:0031167,15
BP,GO:0090529,15
BP,GO:0009253,15
BP,GO:0009297,15
BP,GO:0006779,15
BP,GO:0017148,15
BP,GO:0010447,15
BP,GO:1902201,15
BP,GO:0034605,15
BP,GO:0015721,15
BP,GO:0042938,15
BP,GO:0006094,15
BP,GO:0009409,15
BP,GO:0010124,15
BP,GO:0016052,14
BP,GO:0009306,14
BP,GO:0009228,14
BP,GO:0019646,14
BP,GO:0017004,14
BP,GO:0009246,14
BP,GO:0006352,14
BP,GO:0065003,13
BP,GO:2000144,13
BP,GO:0006526,13
BP,GO:0009437,13
BP,GO:0005996,13
BP,GO:0009117,13
BP,GO:0046688,13
BP,GO:0006401,13
BP,GO:0022900,13
BP,GO:0140330,13
BP,GO:0034214,13
BP,GO:0006777,13
BP,GO:0051607,13
BP,GO:0006071,13
BP,GO:0009089,12
BP,GO:0035725,12
BP,GO:0042026,12
BP,GO:0006144,12
BP,GO:0006812,12
BP,GO:0042542,12
BP,GO:0006730,12
BP,GO:0001522,12
BP,GO:0009097,12
BP,GO:0006302,12
BP,GO:0006298,12
BP,GO:0002098,12
BP,GO:0046718,12
BP,GO:1902021,12
BP,GO:0006790,12
BP,GO:0030091,12
BP,GO:0006189,12
BP,GO:0006006,12
BP,GO:0097588,12
BP,GO:0070301,12
BP,GO:0009307,12
BP,GO:0045333,12
BP,GO:0009085,11
BP,GO:0008299,11
BP,GO:0006221,11
BP,GO:0010212,11
BP,GO:0009099,11
BP,GO:0015976,11
BP,GO:0098655,11
BP,GO:0019380,11
BP,GO:0009267,11
BP,GO:0009423,11
BP,GO:0006817,11
BP,GO:0032784,11
BP,GO:0009229,11
BP,GO:0016042,11
BP,GO:0031460,11
BP,GO:0009372,11
BP,GO:1990539,11
BP,GO:0006098,10
BP,GO:0046656,10
BP,GO:0046654,10
BP,GO:0071897,10
BP,GO:0065002,10
BP,GO:0006415,10
BP,GO:0006525,10
BP,GO:0006308,10
BP,GO:0006139,10
BP,GO:0000105,10
BP,GO:0033212,10
BP,GO:0009063,10
BP,GO:0019262,10
BP,GO:0006284,10
BP,GO:0009102,10
BP,GO:0006212,10
BP,GO:0019563,10
BP,GO:0009447,10
BP,GO:0019521,10
BP,GO:0045228,10
BP,GO:0035435,10
BP,GO:0009052,9
BP,GO:0009231,9
BP,GO:0106074,9
BP,GO:0006541,9
BP,GO:0006207,9
BP,GO:0015920,9
BP,GO:0043952,9
BP,GO:0009435,9
BP,GO:0006782,9
BP,GO:1990451,9
BP,GO:0010438,9
BP,GO:0006783,9
BP,GO:0015990,9
BP,GO:0042773,9
BP,GO:0006270,9
BP,GO:0006869,9
BP,GO:0031297,9
BP,GO:0070207,9
BP,GO:0043213,9
BP,GO:0000162,9
BP,GO:0071236,9
BP,GO:0051302,9
BP,GO:0022611,9
BP,GO:0006113,9
BP,GO:0006208,9
BP,GO:1905039,9
BP,GO:0019344,9
BP,GO:0009234,9
BP,GO:0030254,9
BP,GO:0006754,9
BP,GO:0015986,9
BP,GO:0048870,9
BP,GO:0015752,9
BP,GO:0015716,9
BP,GO:0050821,8
BP,GO:0000455,8
BP,GO:0009098,8
BP,GO:0006605,8
BP,GO:0019363,8
BP,GO:0097532,8
BP,GO:0006097,8
BP,GO:0006166,8
BP,GO:0015891,8
BP,GO:0015889,8
BP,GO:0009266,8
BP,GO:0051603,8
BP,GO:0042450,8
BP,GO:0016036,8
BP,GO:1903785,8
BP,GO:0008616,8
BP,GO:0030163,8
BP,GO:0006269,8
BP,GO:0031640,8
BP,GO:0071470,8
BP,GO:0009239,8
BP,GO:0009236,8
BP,GO:0042274,8
BP,GO:0015764,8
BP,GO:0006829,8
BP,GO:0042594,8
BP,GO:1903711,8
BP,GO:0006413,8
BP,GO:0035351,8
BP,GO:0019740,8
BP,GO:0044011,8
BP,GO:0015834,8
BP,GO:0030001,8
BP,GO:0006972,8
BP,GO:0019698,8
BP,GO:0045947,8
BP,GO:0030244,8
BP,GO:0035429,8
BP,GO:0042777,8
BP,GO:0019700,8
BP,GO:0071422,7
BP,GO:0043335,7
BP,GO:0019288,7
BP,GO:0044205,7
BP,GO:0030490,7
BP,GO:0008615,7
BP,GO:0019323,7
BP,GO:0015823,7
BP,GO:0043039,7
BP,GO:0051205,7
BP,GO:0008610,7
BP,GO:0030308,7
BP,GO:0075713,7
BP,GO:0044826,7
BP,GO:0032359,7
BP,GO:0042884,7
BP,GO:0015803,7
BP,GO:1901642,7
BP,GO:0016998,7
BP,GO:0015685,7
BP,GO:0032297,7
BP,GO:0033499,7
BP,GO:0002143,7
BP,GO:0016485,7
BP,GO:1902358,7
BP,GO:0006265,7
BP,GO:0015768,7
BP,GO:0019301,7
BP,GO:0006527,7
BP,GO:0051090,7
BP,GO:0042840,7
BP,GO:1990145,7
BP,GO:0009243,7
BP,GO:0015757,7
BP,GO:0120010,7
BP,GO:0070689,7
BP,GO:0089718,7
BP,GO:0000103,7
BP,GO:0015795,7
BP,GO:0099048,7
BP,GO:0006004,7
BP,GO:0019634,7
BP,GO:0009088,6
BP,GO:0031555,6
BP,GO:0006566,6
BP,GO:0051453,6
BP,GO:0006465,6
BP,GO:0016114,6
BP,GO:0033539,6
BP,GO:0051454,6
BP,GO:0031119,6
BP,GO:0006886,6
BP,GO:0006289,6
BP,GO:0008295,6
BP,GO:0015940,6
BP,GO:0006276,6
BP,GO:0042780,6
BP,GO:0006515,6
BP,GO:0033554,6
BP,GO:1902475,6
BP,GO:0006353,6
BP,GO:0030261,6
BP,GO:1902601,6
BP,GO:0060003,6
BP,GO:0009268,6
BP,GO:0046296,6
BP,GO:0044659,6
BP,GO:0006354,6
BP,GO:0015774,6
BP,GO:0006857,6
BP,GO:0071577,6
BP,GO:0006012,6
BP,GO:0042255,6
BP,GO:0015826,6
BP,GO:0009263,6
BP,GO:0051276,6
BP,GO:0043708,6
BP,GO:0009250,6
BP,GO:0042126,6
BP,GO:0009450,6
BP,GO:0042355,6
BP,GO:0006788,6
BP,GO:0006108,6
BP,GO:0018393,6
BP,GO:0015709,6
BP,GO:0019402,6
BP,GO:0015675,6
BP,GO:0015886,6
BP,GO:0009265,6
BP,GO:0010041,6
BP,GO:0090605,6
BP,GO:0070814,6
BP,GO:0015914,6
BP,GO:0033194,5
BP,GO:1990169,5
BP,GO:0006206,5
BP,GO:0006152,5
BP,GO:0019877,5
BP,GO:0019856,5
BP,GO:0051595,5
BP,GO:0061024,5
BP,GO:0019568,5
BP,GO:0019324,5
BP,GO:0015767,5
BP,GO:1904659,5
BP,GO:1901137,5
BP,GO:0017038,5
BP,GO:0034628,5
BP,GO:0010273,5
BP,GO:0098711,5
BP,GO:0033014,5
BP,GO:0009116,5
BP,GO:0006414,5
BP,GO:0072344,5
BP,GO:0035556,5
BP,GO:0051596,5
BP,GO:0009062,5
BP,GO:0000731,5
BP,GO:0043171,5
BP,GO:0034755,5
BP,GO:0000272,5
BP,GO:1901530,5
BP,GO:0015871,5
BP,GO:0042918,5
BP,GO:0015820,5
BP,GO:0046474,5
BP,GO:0019448,5
BP,GO:0055070,5
BP,GO:0035999,5
BP,GO:0010043,5
BP,GO:0015741,5
BP,GO:0015740,5
BP,GO:0019664,5
BP,GO:0140009,5
BP,GO:0006044,5
BP,GO:0006048,5
BP,GO:0006119,5
BP,GO:1905153,5
BP,GO:0006855,5
BP,GO:0034775,5
BP,GO:0015846,5
BP,GO:0097638,5
BP,GO:0006567,5
BP,GO:0033228,5
BP,GO:0019430,5
BP,GO:0044874,5
BP,GO:0006564,5
BP,GO:0051259,5
BP,GO:0006235,5
BP,GO:0043687,5
BP,GO:0030632,5
BP,GO:0071474,5
BP,GO:0140205,5
BP,GO:0140207,5
BP,GO:0034644,5
BP,GO:0006307,5
BP,GO:0006824,5
BP,GO:0071578,5
BP,GO:0019317,5
BP,GO:1905887,5
BP,GO:0006791,5
BP,GO:0070417,5
BP,GO:0019544,5
BP,GO:0019545,5
BP,GO:0015749,5
BP,GO:0035672,5
BP,GO:1903607,5
BP,GO:1904334,5
BP,GO:0015794,5
BP,GO:0046168,5
BP,GO:0006749,5
BP,GO:0042838,5
BP,GO:0015751,5
BP,GO:0046942,5
BP,GO:1903714,5
BP,GO:0098716,5
BP,GO:0042732,5
BP,GO:0019854,5
BP,GO:0061720,5
BP,GO:1902777,5
BP,GO:0042956,5
BP,GO:0031556,4
BP,GO:0031554,4
BP,GO:0009090,4
BP,GO:0032324,4
BP,GO:0006885,4
BP,GO:0009651,4
BP,GO:0042413,4
BP,GO:0110154,4
BP,GO:0042823,4
BP,GO:0045004,4
BP,GO:0015937,4
BP,GO:0006163,4
BP,GO:0032264,4
BP,GO:0042867,4
BP,GO:0019464,4
BP,GO:0019629,4
BP,GO:0006596,4
BP,GO:0009396,4
BP,GO:0044718,4
BP,GO:0071281,4
BP,GO:0015687,4
BP,GO:1901678,4
BP,GO:1902476,4
BP,GO:0046940,4
BP,GO:2001295,4
BP,GO:0015821,4
BP,GO:1903692,4
BP,GO:0048473,4
BP,GO:0019243,4
BP,GO:0043470,4
BP,GO:0051495,4
BP,GO:0046176,4
BP,GO:0006089,4
BP,GO:0019285,4
BP,GO:0016311,4
BP,GO:0000018,4
BP,GO:0006274,4
BP,GO:0015858,4
BP,GO:0006655,4
BP,GO:0036386,4
BP,GO:0097533,4
BP,GO:0042930,4
BP,GO:0009992,4
BP,GO:0009165,4
BP,GO:0000256,4
BP,GO:0009436,4
BP,GO:0009442,4
BP,GO:0042906,4
BP,GO:0046395,4
BP,GO:0000413,4
BP,GO:0060567,4
BP,GO:0006878,4
BP,GO:0010272,4
BP,GO:0035434,4
BP,GO:0006825,4
BP,GO:0019290,4
BP,GO:0042744,4
BP,GO:0000302,4
BP,GO:0006084,4
BP,GO:0043953,4
BP,GO:0034355,4
BP,GO:0098712,4
BP,GO:0006046,4
BP,GO:0015772,4
BP,GO:0007062,4
BP,GO:0006470,4
BP,GO:0042939,4
BP,GO:0009313,4
BP,GO:0015689,4
BP,GO:0032049,4
BP,GO:1900727,4
BP,GO:1902047,4
BP,GO:0016070,4
BP,GO:0046210,4
BP,GO:0018907,4
BP,GO:0015724,4
BP,GO:0019294,4
BP,GO:0009094,4
BP,GO:0051782,4
BP,GO:0098775,4
BP,GO:1900231,4
BP,GO:0036104,4
BP,GO:0098708,4
BP,GO:0089705,4
BP,GO:0000918,4
BP,GO:0005993,4
BP,GO:0005991,4
BP,GO:0019353,4
BP,GO:0006011,4
BP,GO:0030003,4
BP,GO:0006568,4
BP,GO:0080135,4
BP,GO:0009271,4
BP,GO:0015771,4
BP,GO:0006559,4
BP,GO:0032787,4
BP,GO:0019477,4
BP,GO:0015801,4
BP,GO:0019594,4
BP,GO:0015811,4
BP,GO:0006796,4
BP,GO:0006468,4
BP,GO:0002949,4
BP,GO:0006565,4
BP,GO:0001510,4
BP,GO:0050920,4
BP,GO:0071977,4
BP,GO:0042882,4
BP,GO:1903712,4
BP,GO:0042245,4
BP,GO:0019305,4
BP,GO:0006535,4
BP,GO:0015796,4
BP,GO:2001059,4
BP,GO:0015861,4
BP,GO:0015862,4
BP,GO:0015838,4
BP,GO:0015765,4
BP,GO:0009185,4
BP,GO:0006072,4
BP,GO:0006083,4
BP,GO:1903810,4
BP,GO:0034763,4
BP,GO:1902344,4
BP,GO:0019628,4
BP,GO:0045727,4
BP,GO:0000724,4
BP,GO:0046685,4
BP,GO:0015808,4
BP,GO:0015825,4
BP,GO:0071139,4
BP,GO:0043488,4
BP,GO:0046392,4
BP,GO:0005978,4
BP,GO:0005980,4
BP,GO:0005977,4
BP,GO:0015968,4
BP,GO:0015753,4
BP,GO:1904823,4
BP,GO:0034194,4
BP,GO:1904981,4
BP,GO:0140271,4
BP,GO:0046183,4
BP,GO:0012501,4
BP,GO:0009067,3
BP,GO:0016032,3
BP,GO:0010446,3
BP,GO:0009257,3
BP,GO:0036506,3
BP,GO:0019569,3
BP,GO:0019572,3
BP,GO:0071934,3
BP,GO:0036448,3
BP,GO:0034198,3
BP,GO:0015836,3
BP,GO:0006612,3
BP,GO:0006203,3
BP,GO:0006177,3
BP,GO:0032263,3
BP,GO:0016540,3
BP,GO:0006523,3
BP,GO:0006397,3
BP,GO:0002097,3
BP,GO:0006424,3
BP,GO:0006821,3
BP,GO:0009164,3
BP,GO:0006808,3
BP,GO:0043164,3
BP,GO:0016024,3
BP,GO:0006273,3
BP,GO:0006272,3
BP,GO:0006554,3
BP,GO:0097171,3
BP,GO:0042276,3
BP,GO:0055129,3
BP,GO:0006591,3
BP,GO:0019240,3
BP,GO:0110095,3
BP,GO:1903457,3
BP,GO:0009440,3
BP,GO:0019622,3
BP,GO:0046294,3
BP,GO:0015734,3
BP,GO:0009970,3
BP,GO:1901652,3
BP,GO:0042177,3
BP,GO:0015829,3
BP,GO:0015818,3
BP,GO:0030980,3
BP,GO:0009395,3
BP,GO:0006772,3
BP,GO:0052837,3
BP,GO:0036525,3
BP,GO:0043200,3
BP,GO:0009093,3
BP,GO:0006637,3
BP,GO:0015908,3
BP,GO:0044209,3
BP,GO:0009166,3
BP,GO:0071292,3
BP,GO:0071280,3
BP,GO:0006145,3
BP,GO:0046487,3
BP,GO:0016054,3
BP,GO:0006805,3
BP,GO:0042742,3
BP,GO:0071286,3
BP,GO:0031669,3
BP,GO:0006101,3
BP,GO:0006107,3
BP,GO:0009249,3
BP,GO:0042256,3
BP,GO:0090071,3
BP,GO:0046686,3
BP,GO:0070778,3
BP,GO:0046050,3
BP,GO:0006043,3
BP,GO:0008156,3
BP,GO:0015755,3
BP,GO:0070614,3
BP,GO:0009051,3
BP,GO:0006294,3
BP,GO:0070588,3
BP,GO:0030162,3
BP,GO:0090452,3
BP,GO:0015904,3
BP,GO:1903803,3
BP,GO:0006868,3
BP,GO:0018104,3
BP,GO:0042182,3
BP,GO:1902209,3
BP,GO:1900232,3
BP,GO:0006090,3
BP,GO:0035821,3
BP,GO:0042953,3
BP,GO:0016260,3
BP,GO:0034204,3
BP,GO:0046306,3
BP,GO:0009407,3
BP,GO:2000245,3
BP,GO:0009290,3
BP,GO:1902421,3
BP,GO:0006210,3
BP,GO:0098777,3
BP,GO:0009247,3
BP,GO:0000967,3
BP,GO:0030497,3
BP,GO:0008153,3
BP,GO:0046394,3
BP,GO:0006227,3
BP,GO:0006233,3
BP,GO:0015848,3
BP,GO:0010350,3
BP,GO:0032506,3
BP,GO:0000902,3
BP,GO:0006952,3
BP,GO:0019985,3
BP,GO:0071276,3
BP,GO:0006015,3
BP,GO:0006479,3
BP,GO:0015707,3
BP,GO:0051260,3
BP,GO:0008653,3
BP,GO:0006598,3
BP,GO:0009294,3
BP,GO:1903830,3
BP,GO:0009443,3
BP,GO:1901605,3
BP,GO:0045471,3
BP,GO:1902210,3
BP,GO:0070482,3
BP,GO:0006538,3
BP,GO:0006536,3
BP,GO:0006091,3
BP,GO:0009298,3
BP,GO:0006285,3
BP,GO:0097510,3
BP,GO:0035443,3
BP,GO:0042816,3
BP,GO:0006801,3
BP,GO:0045227,3
BP,GO:0000303,3
BP,GO:0015860,3
BP,GO:0034614,3
BP,GO:0046459,3
BP,GO:0032790,3
BP,GO:1902815,3
BP,GO:0006537,3
BP,GO:0006995,3
BP,GO:0015761,3
BP,GO:0030026,3
BP,GO:0071230,3
BP,GO:0050918,3
BP,GO:0006882,3
BP,GO:1901264,3
BP,GO:0009225,3
BP,GO:0046377,3
BP,GO:0006226,3
BP,GO:0044206,3
BP,GO:0036172,3
BP,GO:0035444,3
BP,GO:0010045,3
BP,GO:0002943,3
BP,GO:0090549,3
BP,GO:0015760,3
BP,GO:0006085,3
BP,GO:0070297,3
BP,GO:0010038,3
BP,GO:0051156,3
BP,GO:0070574,3
BP,GO:0019450,3
BP,GO:0006753,3
BP,GO:0019693,3
BP,GO:0030174,3
BP,GO:0006793,3
BP,GO:0051781,3
BP,GO:0072348,3
BP,GO:0006546,3
BP,GO:0051409,3
BP,GO:0045900,3
BP,GO:0006571,3
BP,GO:1903804,3
BP,GO:0006750,3
BP,GO:0048255,3
BP,GO:0043571,3
BP,GO:0016075,3
BP,GO:0015970,3
BP,GO:0098656,3
BP,GO:0019571,3
BP,GO:0006650,3
BP,GO:0009114,3
BP,GO:0006430,3
BP,GO:0030388,3
BP,GO:0097339,3
BP,GO:0019588,3
BP,GO:0001558,3
BP,GO:0032298,3
BP,GO:0006616,3
BP,GO:1902626,3
BP,GO:0019676,3
BP,GO:0042150,3
BP,GO:0034337,3
BP,GO:0006002,3
BP,GO:0001407,3
BP,GO:0042941,3
BP,GO:1902075,3
BP,GO:0019852,3
BP,GO:0006569,3
BP,GO:0019316,3
BP,GO:0015754,3
BP,GO:0015882,3
BP,GO:0007638,3
BP,GO:0031589,3
BP,GO:0050992,2
BP,GO:1902603,2
BP,GO:1901381,2
BP,GO:0070987,2
BP,GO:0000154,2
BP,GO:0015888,2
BP,GO:0044038,2
BP,GO:0015951,2
BP,GO:0015827,2
BP,GO:0006103,2
BP,GO:0097264,2
BP,GO:0006188,2
BP,GO:0019284,2
BP,GO:0044210,2
BP,GO:0016094,2
BP,GO:0043137,2
BP,GO:0042759,2
BP,GO:0010810,2
BP,GO:0015697,2
BP,GO:0034224,2
BP,GO:0019546,2
BP,GO:0019679,2
BP,GO:0019858,2
BP,GO:0005990,2
BP,GO:0046292,2
BP,GO:0000023,2
BP,GO:0002099,2
BP,GO:0032026,2
BP,GO:0034227,2
BP,GO:0009589,2
BP,GO:0044272,2
BP,GO:0002937,2
BP,GO:0010498,2
BP,GO:0043068,2
BP,GO:0017001,2
BP,GO:0046618,2
BP,GO:0015895,2
BP,GO:0035864,2
BP,GO:0009132,2
BP,GO:0009416,2
BP,GO:0045926,2
BP,GO:0008202,2
BP,GO:0070329,2
BP,GO:0031388,2
BP,GO:0001907,2
BP,GO:0032940,2
BP,GO:0046813,2
BP,GO:0015679,2
BP,GO:0042914,2
BP,GO:0006849,2
BP,GO:0071453,2
BP,GO:0051191,2
BP,GO:0009107,2
BP,GO:0010629,2
BP,GO:0046133,2
BP,GO:0015813,2
BP,GO:0042158,2
BP,GO:0070981,2
BP,GO:0015822,2
BP,GO:0033387,2
BP,GO:0071237,2
BP,GO:0061621,2
BP,GO:0000715,2
BP,GO:0042968,2
BP,GO:0006000,2
BP,GO:0140115,2
BP,GO:0030641,2
BP,GO:0019345,2
BP,GO:1901562,2
BP,GO:1901422,2
BP,GO:1903826,2
BP,GO:0006545,2
BP,GO:1903401,2
BP,GO:0006833,2
BP,GO:0042893,2
BP,GO:1903605,2
BP,GO:0000920,2
BP,GO:0033359,2
BP,GO:0006220,2
BP,GO:2000766,2
BP,GO:0030420,2
BP,GO:0036297,2
BP,GO:0033585,2
BP,GO:0070476,2
BP,GO:0006301,2
BP,GO:0120009,2
BP,GO:0006636,2
BP,GO:0032272,2
BP,GO:0032466,2
BP,GO:0071454,2
BP,GO:0038083,2
BP,GO:0098721,2
BP,GO:0090609,2
BP,GO:0071806,2
BP,GO:0042278,2
BP,GO:0016051,2
BP,GO:0032781,2
BP,GO:0055088,2
BP,GO:0006644,2
BP,GO:0042304,2
BP,GO:1903966,2
BP,GO:0042928,2
BP,GO:0055130,2
BP,GO:0034983,2
BP,GO:0036049,2
BP,GO:0006518,2
BP,GO:0007234,2
BP,GO:0009152,2
BP,GO:0044208,2
BP,GO:0006448,2
BP,GO:1900191,2
BP,GO:0019478,2
BP,GO:0019480,2
BP,GO:0006522,2
BP,GO:0018364,2
BP,GO:0006751,2
BP,GO:0071250,2
BP,GO:0071249,2
BP,GO:0015706,2
BP,GO:0051131,2
BP,GO:0046104,2
BP,GO:0010608,2
BP,GO:0006542,2
BP,GO:0009448,2
BP,GO:0046657,2
BP,GO:1900233,2
BP,GO:0019607,2
BP,GO:0009273,2
BP,GO:0046690,2
BP,GO:0001896,2
BP,GO:0032973,2
BP,GO:0036289,2
BP,GO:0019592,2
BP,GO:0071585,2
BP,GO:0120029,2
BP,GO:0006740,2
BP,GO:0042559,2
BP,GO:0006106,2
BP,GO:0046323,2
BP,GO:0017000,2
BP,GO:0036001,2
BP,GO:0097175,2
BP,GO:0006040,2
BP,GO:0031125,2
BP,GO:0030258,2
BP,GO:0006534,2
BP,GO:0019632,2
BP,GO:0071271,2
BP,GO:0035461,2
BP,GO:0006432,2
BP,GO:0000101,2
BP,GO:0052777,2
BP,GO:0006032,2
BP,GO:0072524,2
BP,GO:0045903,2
BP,GO:0001676,2
BP,GO:0007231,2
BP,GO:0071475,2
BP,GO:0009255,2
BP,GO:0071932,2
BP,GO:0006420,2
BP,GO:0009454,2
BP,GO:0009593,2
BP,GO:1902208,2
BP,GO:0005992,2
BP,GO:0015830,2
BP,GO:0046416,2
BP,GO:1901913,2
BP,GO:0019249,2
BP,GO:0106044,2
BP,GO:2000104,2
BP,GO:0009226,2
BP,GO:0042351,2
BP,GO:0090313,2
BP,GO:0019404,2
BP,GO:0032025,2
BP,GO:0071461,2
BP,GO:0010467,2
BP,GO:0046135,2
BP,GO:0017003,2
BP,GO:0017013,2
BP,GO:0015793,2
BP,GO:0046493,2
BP,GO:0036108,2
BP,GO:0019272,2
BP,GO:0006082,2
BP,GO:0019413,2
BP,GO:0019427,2
BP,GO:0045733,2
BP,GO:0006760,2
BP,GO:0089709,2
BP,GO:0071294,2
BP,GO:0009113,2
BP,GO:0042942,2
BP,GO:0033611,2
BP,GO:0055086,2
BP,GO:0097173,2
BP,GO:0046348,2
BP,GO:0006576,2
BP,GO:0046037,2
BP,GO:0006183,2
BP,GO:0006241,2
BP,GO:0044571,2
BP,GO:0016261,2
BP,GO:0046854,2
BP,GO:0046653,2
BP,GO:0046417,2
BP,GO:0006614,2
BP,GO:0015837,2
BP,GO:0048545,2
BP,GO:0071288,2
BP,GO:0016310,2
BP,GO:0046081,2
BP,GO:0015969,2
BP,GO:0019394,2
BP,GO:0019580,2
BP,GO:0042836,2
BP,GO:0006399,2
BP,GO:0015756,2
BP,GO:0000096,2
BP,GO:0061504,2
BP,GO:0044355,2
BP,GO:0110155,2
BP,GO:0050779,2
BP,GO:0006304,2
BP,GO:0006014,2
BP,GO:0015797,2
BP,GO:0009446,2
BP,GO:0033388,2
BP,GO:0015727,2
BP,GO:0035873,2
BP,GO:0019346,2
BP,GO:0006654,2
BP,GO:0030541,2
BP,GO:2000145,2
BP,GO:1901276,2
BP,GO:0071467,2
BP,GO:0032329,2
BP,GO:0006064,2
BP,GO:0015695,2
BP,GO:0015804,2
BP,GO:0061818,2
BP,GO:0042558,2
BP,GO:0046836,2
BP,GO:0097054,2
BP,GO:0015739,2
BP,GO:0051252,2
BP,GO:0045717,2
BP,GO:0036376,2
BP,GO:0015980,2
BP,GO:0006487,2
BP,GO:0006047,2
BP,GO:0043094,2
BP,GO:1903806,2
BP,GO:0031638,2
BP,GO:0019878,2
BP,GO:0015710,2
BP,GO:0010960,2
BP,GO:0006835,2
BP,GO:0090540,2
BP,GO:0006426,2
BP,GO:0042843,2
BP,GO:0001514,2
BP,GO:0019518,2
BP,GO:0015853,2
BP,GO:0030153,2
BP,GO:0042875,2
BP,GO:0006271,2
BP,GO:0044787,2
BP,GO:0002926,2
BP,GO:0140018,2
BP,GO:0046034,2
BP,GO:0019303,2
BP,GO:0006532,2
BP,GO:0006780,2
BP,GO:0070716,2
BP,GO:0015693,2
BP,GO:0071267,2
BP,GO:0050667,2
BP,GO:0006785,2
BP,GO:0030164,2
BP,GO:0006555,2
BP,GO:0035344,2
BP,GO:0098710,2
BP,GO:1902599,2
BP,GO:0006646,2
BP,GO:0023019,2
BP,GO:0015744,2
BP,GO:0006018,2
BP,GO:0009264,2
BP,GO:0035433,1
BP,GO:0034620,1
BP,GO:0006771,1
BP,GO:0006747,1
BP,GO:0009398,1
BP,GO:0006428,1
BP,GO:0042454,1
BP,GO:0009064,1
BP,GO:1900751,1
BP,GO:1902270,1
BP,GO:0015879,1
BP,GO:1900749,1
BP,GO:0046655,1
BP,GO:0031427,1
BP,GO:0046452,1
BP,GO:0031118,1
BP,GO:0045944,1
BP,GO:0031507,1
BP,GO:0019321,1
BP,GO:0080090,1
BP,GO:0009750,1
BP,GO:0051258,1
BP,GO:0046067,1
BP,GO:0043107,1
BP,GO:0034213,1
BP,GO:0015828,1
BP,GO:0006086,1
BP,GO:0019595,1
BP,GO:0006178,1
BP,GO:0043101,1
BP,GO:0046100,1
BP,GO:0043633,1
BP,GO:0071047,1
BP,GO:0009891,1
BP,GO:0110052,1
BP,GO:0046124,1
BP,GO:0019509,1
BP,GO:0043099,1
BP,GO:0006225,1
BP,GO:0002184,1
BP,GO:0051484,1
BP,GO:0071709,1
BP,GO:1990516,1
BP,GO:0002136,1
BP,GO:0006433,1
BP,GO:0070299,1
BP,GO:2001061,1
BP,GO:0032265,1
BP,GO:0015806,1
BP,GO:0033477,1
BP,GO:0033528,1
BP,GO:0045493,1
BP,GO:0090347,1
BP,GO:0019541,1
BP,GO:0015856,1
BP,GO:0006209,1
BP,GO:0005989,1
BP,GO:0046271,1
BP,GO:0015731,1
BP,GO:0042920,1
BP,GO:0019529,1
BP,GO:0042885,1
BP,GO:2001008,1
BP,GO:0046839,1
BP,GO:1902767,1
BP,GO:0045337,1
BP,GO:0033384,1
BP,GO:0048034,1
BP,GO:0015835,1
BP,GO:0051083,1
BP,GO:0072488,1
BP,GO:0015670,1
BP,GO:0006168,1
BP,GO:0009123,1
BP,GO:0046083,1
BP,GO:0006172,1
BP,GO:0046501,1
BP,GO:0006810,1
BP,GO:0015720,1
BP,GO:0010136,1
BP,GO:0006423,1
BP,GO:0071466,1
BP,GO:0015673,1
BP,GO:0042398,1
BP,GO:0009237,1
BP,GO:0046214,1
BP,GO:0044550,1
BP,GO:0043041,1
BP,GO:0033195,1
BP,GO:0018247,1
BP,GO:1903424,1
BP,GO:0140114,1
BP,GO:0009106,1
BP,GO:0031504,1
BP,GO:0006429,1
BP,GO:0035600,1
BP,GO:0006425,1
BP,GO:0052778,1
BP,GO:1900705,1
BP,GO:1903352,1
BP,GO:0035865,1
BP,GO:0007603,1
BP,GO:0000719,1
BP,GO:0033512,1
BP,GO:0006104,1
BP,GO:0051476,1
BP,GO:0006013,1
BP,GO:0070206,1
BP,GO:0019805,1
BP,GO:0034258,1
BP,GO:0019318,1
BP,GO:0046687,1
BP,GO:0032361,1
BP,GO:0042545,1
BP,GO:0034656,1
BP,GO:1900378,1
BP,GO:0018315,1
BP,GO:0034635,1
BP,GO:0061940,1
BP,GO:0010134,1
BP,GO:0018410,1
BP,GO:0044283,1
BP,GO:0035606,1
BP,GO:0018119,1
BP,GO:0042883,1
BP,GO:0006524,1
BP,GO:0043201,1
BP,GO:0006434,1
BP,GO:0018201,1
BP,GO:0044814,1
BP,GO:0006563,1
BP,GO:2000767,1
BP,GO:0033468,1
BP,GO:0006421,1
BP,GO:0006222,1
BP,GO:0009220,1
BP,GO:0032055,1
BP,GO:0051701,1
BP,GO:0009597,1
BP,GO:1903658,1
BP,GO:0019242,1
BP,GO:0035335,1
BP,GO:0009968,1
BP,GO:1904082,1
BP,GO:0006864,1
BP,GO:0010133,1
BP,GO:0006560,1
BP,GO:0015824,1
BP,GO:0035524,1
BP,GO:0015912,1
BP,GO:0098732,1
BP,GO:0061939,1
BP,GO:1990000,1
BP,GO:1905906,1
BP,GO:0050685,1
BP,GO:0051274,1
BP,GO:0008361,1
BP,GO:0034203,1
BP,GO:0045861,1
BP,GO:0019367,1
BP,GO:0072711,1
BP,GO:0071361,1
BP,GO:0000716,1
BP,GO:0006283,1
BP,GO:0044873,1
BP,GO:0030961,1
BP,GO:0043433,1
BP,GO:0009637,1
BP,GO:0009785,1
BP,GO:0032955,1
BP,GO:0008298,1
BP,GO:0007105,1
BP,GO:0051726,1
BP,GO:1901891,1
BP,GO:0044179,1
BP,GO:0010226,1
BP,GO:0045723,1
BP,GO:0019217,1
BP,GO:0030007,1
BP,GO:0006884,1
BP,GO:0071945,1
BP,GO:0061610,1
BP,GO:0046365,1
BP,GO:0015810,1
BP,GO:0009156,1
BP,GO:0042157,1
BP,GO:0043602,1
BP,GO:0046470,1
BP,GO:0045862,1
BP,GO:0031648,1
BP,GO:0036198,1
BP,GO:0006115,1
BP,GO:0006066,1
BP,GO:0098002,1
BP,GO:0044581,1
BP,GO:0090357,1
BP,GO:0000481,1
BP,GO:0000470,1
BP,GO:0019250,1
BP,GO:0046890,1
BP,GO:0001731,1
BP,GO:0002188,1
BP,GO:0016078,1
BP,GO:0010557,1
BP,GO:0009050,1
BP,GO:1902604,1
BP,GO:0015814,1
BP,GO:0046196,1
BP,GO:0009308,1
BP,GO:0019619,1
BP,GO:0042919,1
BP,GO:0042619,1
BP,GO:0098659,1
BP,GO:0046187,1
BP,GO:0006543,1
BP,GO:0070458,1
BP,GO:0046208,1
BP,GO:0015936,1
BP,GO:0046203,1
BP,GO:0071807,1
BP,GO:0019309,1
BP,GO:0030573,1
BP,GO:0009758,1
BP,GO:0032261,1
BP,GO:0046101,1
BP,GO:0006154,1
BP,GO:0015950,1
BP,GO:0043103,1
BP,GO:0046103,1
BP,GO:0009168,1
BP,GO:0060566,1
BP,GO:0042819,1
BP,GO:0042817,1
BP,GO:0006437,1
BP,GO:0043628,1
BP,GO:1900372,1
BP,GO:0043580,1
BP,GO:0031163,1
BP,GO:0001887,1
BP,GO:0046279,1
BP,GO:0046952,1
BP,GO:0019395,1
BP,GO:0018117,1
BP,GO:0009893,1
BP,GO:0006435,1
BP,GO:0061615,1
BP,GO:0006593,1
BP,GO:0051304,1
BP,GO:0033345,1
BP,GO:0019365,1
BP,GO:0071421,1
BP,GO:0140048,1
BP,GO:0070298,1
BP,GO:0141178,1
BP,GO:0051050,1
BP,GO:1902836,1
BP,GO:0098705,1
BP,GO:0006422,1
BP,GO:0043052,1
BP,GO:0006482,1
BP,GO:0051649,1
BP,GO:0019447,1
BP,GO:0097681,1
BP,GO:0106300,1
BP,GO:0051479,1
BP,GO:0044027,1
BP,GO:0015733,1
BP,GO:0046033,1
BP,GO:0035350,1
BP,GO:0045883,1
BP,GO:0031342,1
BP,GO:0051494,1
BP,GO:1903066,1
BP,GO:0032880,1
BP,GO:0006065,1
BP,GO:0005976,1
BP,GO:0019673,1
BP,GO:0006229,1
BP,GO:0044211,1
BP,GO:0009224,1
BP,GO:2001023,1
BP,GO:0006665,1
BP,GO:0035785,1
BP,GO:0006431,1
BP,GO:0031667,1
BP,GO:0009251,1
BP,GO:0006217,1
BP,GO:0006729,1
BP,GO:0097639,1
BP,GO:0046113,1
BP,GO:0006001,1
BP,GO:1903412,1
BP,GO:0018063,1
BP,GO:0019333,1
BP,GO:0051224,1
BP,GO:0035513,1
BP,GO:0072702,1
BP,GO:0070989,1
BP,GO:0031346,1
BP,GO:0018217,1
BP,GO:1904583,1
BP,GO:0043442,1
BP,GO:0042538,1
BP,GO:0006124,1
BP,GO:0046475,1
BP,GO:0046174,1
BP,GO:2001315,1
BP,GO:0033320,1
BP,GO:0006493,1
BP,GO:0016926,1
BP,GO:0016579,1
BP,GO:0010139,1
BP,GO:2001251,1
BP,GO:0019542,1
BP,GO:1902022,1
BP,GO:0120232,1
BP,GO:0009403,1
BP,GO:0006761,1
BP,GO:0046901,1
BP,GO:0035971,1
BP,GO:0033542,1
BP,GO:0015909,1
BP,GO:0051410,1
BP,GO:0036088,1
BP,GO:0070178,1
BP,GO:0001561,1
BP,GO:0031670,1
BP,GO:1900192,1
BP,GO:0006828,1
BP,GO:0140967,1
BP,GO:0015691,1
BP,GO:0015863,1
BP,GO:0006148,1
BP,GO:0046115,1
BP,GO:1903228,1
BP,GO:0006161,1
BP,GO:0006149,1
BP,GO:0043609,1
BP,GO:0045819,1
BP,GO:0043610,1
BP,GO:0045912,1
BP,GO:0034229,1
BP,GO:0006580,1
BP,GO:0051391,1
BP,GO:0018205,1
BP,GO:0002101,1
BP,GO:1904812,1
BP,GO:0015857,1
BP,GO:0006223,1
BP,GO:0046084,1
BP,GO:0006799,1
BP,GO:0006798,1
BP,GO:0097501,1
BP,GO:1990532,1
BP,GO:0006427,1
BP,GO:0006228,1
BP,GO:0042262,1
BP,GO:0140647,1
BP,GO:0002128,1
BP,GO:0006020,1
BP,GO:0019264,1
BP,GO:0015671,1
BP,GO:0071500,1
BP,GO:0001932,1
BP,GO:0071871,1
BP,GO:0055082,1
BP,GO:0006382,1
BP,GO:0002100,1
BP,GO:0032885,1
BP,GO:0002939,1
BP,GO:0006741,1
BP,GO:0019674,1
BP,GO:0036298,1
BP,GO:0070929,1
BP,GO:0070930,1
BP,GO:1990748,1
BP,GO:0170039,1
BP,GO:0170033,1
BP,GO:0015812,1
BP,GO:0071243,1
BP,GO:0045948,1
BP,GO:0006109,1
BP,GO:0006419,1
BP,GO:0006282,1
BP,GO:0035825,1
BP,GO:0006062,1
BP,GO:0071731,1
BP,GO:0071732,1
BP,GO:0046944,1
BP,GO:2000892,1
BP,GO:0019379,1
BP,GO:0046052,1
BP,GO:0046047,1
BP,GO:0046076,1
BP,GO:0046061,1
BP,GO:0010034,1
BP,GO:1901425,1
BP,GO:0043254,1
BP,GO:0033567,1
BP,GO:0042846,1
BP,GO:0042354,1
BP,GO:0043468,1
BP,GO:2000042,1
BP,GO:1903775,1
BP,GO:0006231,1
BP,GO:0045332,1
BP,GO:0140329,1
BP,GO:0051977,1
BP,GO:0010628,1
BP,GO:0045490,1
BP,GO:0051345,1
BP,GO:1902760,1
BP,GO:0046098,1
BP,GO:0006147,1
BP,GO:0015747,1
BP,GO:0015851,1
BP,GO:0034552,1
BP,GO:0006105,1
BP,GO:0042391,1
BP,GO:0006544,1
BP,GO:0000921,1
BP,GO:0019678,1
BP,GO:0071476,1
BP,GO:0033389,1
BP,GO:0006556,1
BP,GO:0033353,1
BP,GO:0009143,1
BP,GO:0009146,1
BP,GO:0006528,1
BP,GO:0006530,1
BP,GO:0106004,1
BP,GO:0036265,1
BP,GO:0032238,1
BP,GO:0015864,1
BP,GO:0008216,1
BP,GO:0061157,1
BP,GO:0062132,1
BP,GO:0001680,1
BP,GO:0106354,1
BP,GO:1901275,1
BP,GO:0015745,1
BP,GO:0070525,1
BP,GO:0071289,1
BP,GO:0052131,1
BP,GO:0033543,1
BP,GO:0015736,1
BP,GO:0015778,1
BP,GO:0019665,1
BP,GO:0061727,1
BP,GO:1990481,1
BP,GO:0000050,1
BP,GO:0000053,1
BP,GO:0090070,1
BP,GO:0019277,1
BP,GO:0006874,1
BP,GO:0006053,1
BP,GO:0006051,1
BP,GO:0031334,1
BP,GO:1903052,1
BP,GO:0045732,1
BP,GO:0071218,1
BP,GO:1900079,1
BP,GO:1900081,1
BP,GO:0071963,1
BP,GO:0051983,1
BP,GO:0015887,1
BP,GO:0018012,1
BP,GO:0018023,1
BP,GO:0045911,1
BP,GO:0006450,1
BP,GO:0031365,1
BP,GO:0019988,1
BP,GO:0071951,1
BP,GO:0000372,1
BP,GO:0033120,1
BP,GO:0072714,1
BP,GO:0019354,1
BP,GO:1901281,1
BP,GO:0071269,1
BP,GO:0006436,1
BP,GO:0046295,1
BP,GO:1902328,1
BP,GO:0010106,1
BP,GO:0000025,1
BP,GO:0045913,1
BP,GO:0044042,1
BP,GO:0071266,1
BP,GO:0043102,1
BP,GO:0015807,1
BP,GO:1903805,1
BP,GO:1903801,1
BP,GO:0015692,1
BP,GO:0010312,1
BP,GO:0010288,1
BP,GO:0072531,1
BP,GO:0050919,1
BP,GO:0019310,1
BP,GO:0001659,1
BP,GO:1901684,1
BP,GO:0015700,1
BP,GO:0015699,1
BP,GO:0042743,1
BP,GO:0071423,1
BP,GO:0030245,1
BP,GO:0046181,1
BP,GO:0044403,1
BP,GO:0005998,1
BP,GO:0005997,1
BP,GO:0042852,1
BP,GO:0016259,1
BP,GO:0001717,1
BP,GO:0002131,1
BP,GO:0002132,1
BP,GO:0046167,1
BP,GO:0008104,1
BP,GO:0051262,1
BP,GO:0015941,1
BP,GO:0010974,1
BP,GO:0046132,1
BP,GO:0046710,1
BP,GO:0009179,1
BP,GO:0002938,1
BP,GO:0006146,1
BP,GO:0015712,1
BP,GO:0046397,1
BP,GO:0006275,1
BP,GO:0001682,1
BP,GO:0090358,1
BP,GO:0009072,1
BP,GO:0042431,1
BP,GO:0045936,1
BP,GO:0030643,1
BP,GO:2000186,1
BP,GO:0046349,1
BP,GO:0071278,1
BP,GO:0009081,1
BP,GO:0015974,1
BP,GO:0042168,1
BP,GO:0006171,1
BP,GO:0070581,1
BP,GO:0046471,1
BP,GO:0071265,1
BP,GO:0006218,1
BP,GO:0042181,1
BP,GO:0010795,1
BP,GO:0006446,1
BP,GO:1902758,1
BP,GO:0019720,1
BP,GO:0043547,1
BP,GO:0008645,1
BP,GO:0015762,1
BP,GO:0071291,1
BP,GO:0046411,1
BP,GO:0046342,1
BP,GO:0046166,1
BP,GO:0042167,1
BP,GO:1902369,1
BP,GO:0042371,1
BP,GO:0009233,1
BP,GO:0010332,1
BP,GO:1904689,1
BP,GO:0019343,1
BP,GO:0015977,1
BP,GO:0006739,1
BP,GO:0006768,1
BP,GO:0042364,1
BP,GO:0030813,1
BP,GO:0006742,1
BP,GO:0019677,1
BP,GO:0006778,1
BP,GO:0071284,1
BP,GO:0019281,1
BP,GO:0018105,1
BP,GO:0070262,1
BP,GO:0044341,1
BP,GO:0034289,1
BP,GO:0060326,1
BP,GO:0042866,1
BP,GO:1900376,1
BP,GO:0019292,1
BP,GO:0006863,1
BP,GO:0098719,1
BP,GO:0006847,1
BP,GO:0018394,1
BP,GO:0034421,1
BP,GO:0015942,1
BP,GO:0018909,1
BP,GO:0033051,1
BP,GO:1905647,1
BP,GO:1901606,1
BP,GO:0005995,1
BP,GO:0015769,1
BP,GO:0036260,1
BP,GO:0015839,1
BP,GO:0006531,1
BP,GO:0006533,1
BP,GO:0046496,1
BP,GO:0110051,1
BP,GO:1990497,1
BP,GO:0043487,1
BP,GO:0045974,1
BP,GO:0045975,1
BP,GO:0040033,1
BP,GO:0019042,1
BP,GO:0046040,1
BP,GO:0046086,1
BP,GO:0000451,1
BP,GO:0015816,1
BP,GO:0001762,1
BP,GO:0018283,1
BP,GO:0050427,1
BP,GO:0030307,1
BP,GO:0060699,1
BP,GO:0061475,1
BP,GO:0006438,1
BP,GO:0015726,1
BP,GO:0010039,1
BP,GO:1990641,1
BP,GO:0006054,1
BP,GO:0006388,1
BP,GO:0097623,1
BP,GO:0051599,1
BP,GO:0042873,1
BP,GO:0019584,1
BP,GO:0034195,1
BP,GO:0033215,1
BP,GO:0043100,1
BP,GO:0009222,1
BP,GO:0019859,1
BP,GO:0006449,1
BP,GO:0046386,1
BP,GO:0006213,1
BP,GO:0019686,1
BP,GO:0071248,1
BP,GO:0019660,1
BP,GO:1901367,1
BP,GO:2001279,1
BP,GO:0098795,1
BP,GO:0071456,1
BP,GO:0046325,1
BP,GO:0071287,1
MF,GO:0005515,1157
MF,GO:0046872,710
MF,GO:0016740,576
MF,GO:0000166,512
MF,GO:0003677,502
MF,GO:0016787,493
MF,GO:0042802,470
MF,GO:0005524,434
MF,GO:0016491,364
MF,GO:0042803,315
MF,GO:0003824,287
MF,GO:0022857,228
MF,GO:0003700,201
MF,GO:0000287,192
MF,GO:0016829,174
MF,GO:0008270,167
MF,GO:0016301,166
MF,GO:0003723,164
MF,GO:0051536,145
MF,GO:0016887,143
MF,GO:0051539,121
MF,GO:0016853,120
MF,GO:0000976,106
MF,GO:0003676,97
MF,GO:0016874,94
MF,GO:0043565,94
MF,GO:0008233,85
MF,GO:0004518,77
MF,GO:0009055,72
MF,GO:0016746,67
MF,GO:0016757,66
MF,GO:0015293,64
MF,GO:0019843,64
MF,GO:0008168,63
MF,GO:0050660,61
MF,GO:0000987,60
MF,GO:0030170,59
MF,GO:0016616,59
MF,GO:0030145,58
MF,GO:0005525,58
MF,GO:0003735,57
MF,GO:0005506,57
MF,GO:0004519,54
MF,GO:0000049,53
MF,GO:0016779,50
MF,GO:0016747,47
MF,GO:0016772,43
MF,GO:0051287,42
MF,GO:0004803,41
MF,GO:0016798,39
MF,GO:0010181,38
MF,GO:0020037,38
MF,GO:0051537,35
MF,GO:0097216,34
MF,GO:0015297,33
MF,GO:0016791,33
MF,GO:0008982,33
MF,GO:0008237,33
MF,GO:0001216,32
MF,GO:0000155,31
MF,GO:0001217,29
MF,GO:0003924,29
MF,GO:0050661,28
MF,GO:0071949,28
MF,GO:0043022,28
MF,GO:0000156,28
MF,GO:0004673,27
MF,GO:0004386,26
MF,GO:0008198,26
MF,GO:0004553,26
MF,GO:0030246,26
MF,GO:0004812,25
MF,GO:0016831,24
MF,GO:0003697,24
MF,GO:0044183,23
MF,GO:0004527,23
MF,GO:0004721,23
MF,GO:0004175,22
MF,GO:0005507,21
MF,GO:0008483,21
MF,GO:0015288,21
MF,GO:0016620,21
MF,GO:0042626,20
MF,GO:0048038,20
MF,GO:0004521,20
MF,GO:0016788,20
MF,GO:0008137,20
MF,GO:0051082,19
MF,GO:0016836,19
MF,GO:0016651,19
MF,GO:0071916,19
MF,GO:0008236,18
MF,GO:0043546,18
MF,GO:0042910,18
MF,GO:0016151,18
MF,GO:0003954,18
MF,GO:0140359,17
MF,GO:1904680,17
MF,GO:0016810,17
MF,GO:0004252,17
MF,GO:0004222,16
MF,GO:0008757,16
MF,GO:0071111,16
MF,GO:0015562,16
MF,GO:0008047,16
MF,GO:0016597,15
MF,GO:0016832,15
MF,GO:0004180,15
MF,GO:0003678,15
MF,GO:0003729,14
MF,GO:0016773,14
MF,GO:0016765,14
MF,GO:0097367,14
MF,GO:0004601,14
MF,GO:0004672,14
MF,GO:0005509,14
MF,GO:0070403,13
MF,GO:0008324,13
MF,GO:0043024,13
MF,GO:0003887,13
MF,GO:0004177,13
MF,GO:0052689,13
MF,GO:0030151,13
MF,GO:0052621,13
MF,GO:0015125,13
MF,GO:0090563,13
MF,GO:0030955,13
MF,GO:0008173,13
MF,GO:0043531,12
MF,GO:0050136,12
MF,GO:0043023,12
MF,GO:0008408,12
MF,GO:0015171,12
MF,GO:0051213,12
MF,GO:0046983,12
MF,GO:0016857,12
MF,GO:0098531,12
MF,GO:0019899,11
MF,GO:0050897,11
MF,GO:0009982,11
MF,GO:0030976,11
MF,GO:0015473,11
MF,GO:0019904,11
MF,GO:0008106,11
MF,GO:0008080,11
MF,GO:0005198,11
MF,GO:0051087,10
MF,GO:0015035,10
MF,GO:0003755,10
MF,GO:0003955,10
MF,GO:0034061,10
MF,GO:0005351,10
MF,GO:0008658,10
MF,GO:0016780,10
MF,GO:0016758,10
MF,GO:0016614,10
MF,GO:0003684,10
MF,GO:0015295,10
MF,GO:0016811,10
MF,GO:0016783,10
MF,GO:0015078,10
MF,GO:0016818,10
MF,GO:0015205,10
MF,GO:0046914,10
MF,GO:0008289,10
MF,GO:0070180,10
MF,GO:0002161,9
MF,GO:0003690,9
MF,GO:0009002,9
MF,GO:0016763,9
MF,GO:0015036,9
MF,GO:0097163,9
MF,GO:0004176,9
MF,GO:0004857,9
MF,GO:0050308,9
MF,GO:0015417,9
MF,GO:0008094,9
MF,GO:0001046,9
MF,GO:0046933,9
MF,GO:0016989,8
MF,GO:0051538,8
MF,GO:0016879,8
MF,GO:0016627,8
MF,GO:0001000,8
MF,GO:0008955,8
MF,GO:0060090,8
MF,GO:0016682,8
MF,GO:0008081,8
MF,GO:0070006,8
MF,GO:0003746,8
MF,GO:0016743,8
MF,GO:0008933,8
MF,GO:0016407,8
MF,GO:0016776,8
MF,GO:0016462,8
MF,GO:0035438,8
MF,GO:0042834,8
MF,GO:0016705,8
MF,GO:0004364,8
MF,GO:0043138,8
MF,GO:0003774,8
MF,GO:0000175,8
MF,GO:0048027,8
MF,GO:0048029,8
MF,GO:0003899,8
MF,GO:0015385,7
MF,GO:0070181,7
MF,GO:0004190,7
MF,GO:0016799,7
MF,GO:0008410,7
MF,GO:0120159,7
MF,GO:0008296,7
MF,GO:0016861,7
MF,GO:0048039,7
MF,GO:0003724,7
MF,GO:0015344,7
MF,GO:0015343,7
MF,GO:0008932,7
MF,GO:0016903,7
MF,GO:0019239,7
MF,GO:0005337,7
MF,GO:0030234,7
MF,GO:0008381,7
MF,GO:0009009,7
MF,GO:0016790,7
MF,GO:0008320,7
MF,GO:0015489,7
MF,GO:0022877,7
MF,GO:0004792,7
MF,GO:0009389,7
MF,GO:0008940,7
MF,GO:0015640,7
MF,GO:0003916,7
MF,GO:0019003,7
MF,GO:0004520,7
MF,GO:0036397,7
MF,GO:0016987,7
MF,GO:0015128,7
MF,GO:0046961,7
MF,GO:0140662,6
MF,GO:0004359,6
MF,GO:0046982,6
MF,GO:0016289,6
MF,GO:0008753,6
MF,GO:0015079,6
MF,GO:0070401,6
MF,GO:0106029,6
MF,GO:0140098,6
MF,GO:0016881,6
MF,GO:1990238,6
MF,GO:0017111,6
MF,GO:0038023,6
MF,GO:0004659,6
MF,GO:0005543,6
MF,GO:0008234,6
MF,GO:0016805,6
MF,GO:0008979,6
MF,GO:0001108,6
MF,GO:0016413,6
MF,GO:0004022,6
MF,GO:0015291,6
MF,GO:0033748,6
MF,GO:0015190,6
MF,GO:0009486,6
MF,GO:0016530,6
MF,GO:0015620,6
MF,GO:0016209,6
MF,GO:0071972,6
MF,GO:0015424,6
MF,GO:0004497,6
MF,GO:0008199,6
MF,GO:0003743,6
MF,GO:0008649,6
MF,GO:0004540,6
MF,GO:0016866,6
MF,GO:0160182,6
MF,GO:0004029,6
MF,GO:0004888,6
MF,GO:0008863,6
MF,GO:0015144,6
MF,GO:0004333,6
MF,GO:0080146,6
MF,GO:0015232,6
MF,GO:0004748,6
MF,GO:0008235,6
MF,GO:0008170,6
MF,GO:0005315,6
MF,GO:0031072,5
MF,GO:0003756,5
MF,GO:0015643,5
MF,GO:0003984,5
MF,GO:0008745,5
MF,GO:0003727,5
MF,GO:0031419,5
MF,GO:0140640,5
MF,GO:0003747,5
MF,GO:0000150,5
MF,GO:0015188,5
MF,GO:0005304,5
MF,GO:0015658,5
MF,GO:0030527,5
MF,GO:0047617,5
MF,GO:0016208,5
MF,GO:0008253,5
MF,GO:0015662,5
MF,GO:0004713,5
MF,GO:0001072,5
MF,GO:0019104,5
MF,GO:0008177,5
MF,GO:0005385,5
MF,GO:0015386,5
MF,GO:0015616,5
MF,GO:0003681,5
MF,GO:0047429,5
MF,GO:0005267,5
MF,GO:0004030,5
MF,GO:0046873,5
MF,GO:0004300,5
MF,GO:0003988,5
MF,GO:0016830,5
MF,GO:0004674,5
MF,GO:0097351,5
MF,GO:0008776,5
MF,GO:0015147,5
MF,GO:0061733,5
MF,GO:0090585,5
MF,GO:0016877,4
MF,GO:0003995,4
MF,GO:0003985,4
MF,GO:0019213,4
MF,GO:0015192,4
MF,GO:0036094,4
MF,GO:0016668,4
MF,GO:0003994,4
MF,GO:0004322,4
MF,GO:0043856,4
MF,GO:0001530,4
MF,GO:0003989,4
MF,GO:1990002,4
MF,GO:0016892,4
MF,GO:0000014,4
MF,GO:0106435,4
MF,GO:0004459,4
MF,GO:0015220,4
MF,GO:0004775,4
MF,GO:0004776,4
MF,GO:0016706,4
MF,GO:0016855,4
MF,GO:0004731,4
MF,GO:0015453,4
MF,GO:0097718,4
MF,GO:0008559,4
MF,GO:0042931,4
MF,GO:0004622,4
MF,GO:0042907,4
MF,GO:0000400,4
MF,GO:0003796,4
MF,GO:0008897,4
MF,GO:0032843,4
MF,GO:0008379,4
MF,GO:0051920,4
MF,GO:0070733,4
MF,GO:0015556,4
MF,GO:0015426,4
MF,GO:0044729,4
MF,GO:0016868,4
MF,GO:0008556,4
MF,GO:0042937,4
MF,GO:0015333,4
MF,GO:0003906,4
MF,GO:0070404,4
MF,GO:0000104,4
MF,GO:0016679,4
MF,GO:0044877,4
MF,GO:1904047,4
MF,GO:0043139,4
MF,GO:0015276,4
MF,GO:0015565,4
MF,GO:0043365,4
MF,GO:0050380,4
MF,GO:0017116,4
MF,GO:0015499,4
MF,GO:0005216,4
MF,GO:0008990,4
MF,GO:0008901,4
MF,GO:0005048,4
MF,GO:0060698,4
MF,GO:0140297,4
MF,GO:0008276,4
MF,GO:0003725,4
MF,GO:0003857,4
MF,GO:0016655,4
MF,GO:0004777,4
MF,GO:0015173,4
MF,GO:0004844,4
MF,GO:0016896,4
MF,GO:0008310,4
MF,GO:0042279,4
MF,GO:0008775,4
MF,GO:0015184,4
MF,GO:0008706,4
MF,GO:0003941,4
MF,GO:0004722,4
MF,GO:0004556,4
MF,GO:0015212,4
MF,GO:0015213,4
MF,GO:0015099,4
MF,GO:0008422,4
MF,GO:0090582,4
MF,GO:0016774,4
MF,GO:0003918,4
MF,GO:0015169,4
MF,GO:0004368,4
MF,GO:0016891,4
MF,GO:0009007,4
MF,GO:0008965,4
MF,GO:0008695,4
MF,GO:0140664,4
MF,GO:0015194,4
MF,GO:0009037,4
MF,GO:0015093,4
MF,GO:0120014,4
MF,GO:0034062,4
MF,GO:0008743,4
MF,GO:0061693,4
MF,GO:0004072,3
MF,GO:1901612,3
MF,GO:0015081,3
MF,GO:0050263,3
MF,GO:0008477,3
MF,GO:0045437,3
MF,GO:0004088,3
MF,GO:0016878,3
MF,GO:0016405,3
MF,GO:0070402,3
MF,GO:0008803,3
MF,GO:0042277,3
MF,GO:0016817,3
MF,GO:0008742,3
MF,GO:0046912,3
MF,GO:0015648,3
MF,GO:0070678,3
MF,GO:0047693,3
MF,GO:0003730,3
MF,GO:0016722,3
MF,GO:0008143,3
MF,GO:0015108,3
MF,GO:0005247,3
MF,GO:0043906,3
MF,GO:0004416,3
MF,GO:0060241,3
MF,GO:0061677,3
MF,GO:0004585,3
MF,GO:0047770,3
MF,GO:0008774,3
MF,GO:0031418,3
MF,GO:0047975,3
MF,GO:0004529,3
MF,GO:0015450,3
MF,GO:0008962,3
MF,GO:0036524,3
MF,GO:0004129,3
MF,GO:0034040,3
MF,GO:0008374,3
MF,GO:0004325,3
MF,GO:0034338,3
MF,GO:0015080,3
MF,GO:0016813,3
MF,GO:0015199,3
MF,GO:0008821,3
MF,GO:0140911,3
MF,GO:0005375,3
MF,GO:0042912,3
MF,GO:0047527,3
MF,GO:0031177,3
MF,GO:0047545,3
MF,GO:0070063,3
MF,GO:0009927,3
MF,GO:0005469,3
MF,GO:0008800,3
MF,GO:0001671,3
MF,GO:0004342,3
MF,GO:0015267,3
MF,GO:0010385,3
MF,GO:0106310,3
MF,GO:0017168,3
MF,GO:0140078,3
MF,GO:0000703,3
MF,GO:0003849,3
MF,GO:0004619,3
MF,GO:0004034,3
MF,GO:0009381,3
MF,GO:0005262,3
MF,GO:0030572,3
MF,GO:0033677,3
MF,GO:0050286,3
MF,GO:0008641,3
MF,GO:0004067,3
MF,GO:0034634,3
MF,GO:0016901,3
MF,GO:0015038,3
MF,GO:0019810,3
MF,GO:0019808,3
MF,GO:0019809,3
MF,GO:0016661,3
MF,GO:0090729,3
MF,GO:0015439,3
MF,GO:0033797,3
MF,GO:0008861,3
MF,GO:0042959,3
MF,GO:0009383,3
MF,GO:0016434,3
MF,GO:0008252,3
MF,GO:0015159,3
MF,GO:0050626,3
MF,GO:0042602,3
MF,GO:0043168,3
MF,GO:0031402,3
MF,GO:0008428,3
MF,GO:0008999,3
MF,GO:0004040,3
MF,GO:0004315,3
MF,GO:0004798,3
MF,GO:0004536,3
MF,GO:0140306,3
MF,GO:0003950,3
MF,GO:0016672,3
MF,GO:0008784,3
MF,GO:0004555,3
MF,GO:0047324,3
MF,GO:0042301,3
MF,GO:0015113,3
MF,GO:0015421,3
MF,GO:0031992,3
MF,GO:0004049,3
MF,GO:0003917,3
MF,GO:0004590,3
MF,GO:0140824,3
MF,GO:0034458,3
MF,GO:0008720,3
MF,GO:0018812,3
MF,GO:0016628,3
MF,GO:0008948,3
MF,GO:0004065,3
MF,GO:0004332,3
MF,GO:0004784,3
MF,GO:0009000,3
MF,GO:0031071,3
MF,GO:0004458,3
MF,GO:0015420,3
MF,GO:0000900,3
MF,GO:0008443,3
MF,GO:0004096,3
MF,GO:0003992,3
MF,GO:0019200,3
MF,GO:0009025,3
MF,GO:0030674,3
MF,GO:0016709,3
MF,GO:0022870,3
MF,GO:0033592,3
MF,GO:0009378,3
MF,GO:0090584,3
MF,GO:0030295,3
MF,GO:0015926,3
MF,GO:0017150,3
MF,GO:0015592,3
MF,GO:0008097,3
MF,GO:0061513,3
MF,GO:0002953,3
MF,GO:0015086,3
MF,GO:0004124,3
MF,GO:0015419,3
MF,GO:0004109,3
MF,GO:0090589,3
MF,GO:0008409,3
MF,GO:0008854,3
MF,GO:0004824,3
MF,GO:0042132,3
MF,GO:0043879,3
MF,GO:0047809,3
MF,GO:0019154,3
MF,GO:0015195,3
MF,GO:0032561,3
MF,GO:0004750,3
MF,GO:0004645,3
MF,GO:0009977,3
MF,GO:0015423,3
MF,GO:0004412,2
MF,GO:0004801,2
MF,GO:0047724,2
MF,GO:0016726,2
MF,GO:0008735,2
MF,GO:0015226,2
MF,GO:0015503,2
MF,GO:0005542,2
MF,GO:0004146,2
MF,GO:0015234,2
MF,GO:0003861,2
MF,GO:0003862,2
MF,GO:0003852,2
MF,GO:1990610,2
MF,GO:0008963,2
MF,GO:0008716,2
MF,GO:0008564,2
MF,GO:0044715,2
MF,GO:0044716,2
MF,GO:0035539,2
MF,GO:0008413,2
MF,GO:0008657,2
MF,GO:0009392,2
MF,GO:0015196,2
MF,GO:0031405,2
MF,GO:0004148,2
MF,GO:0070968,2
MF,GO:0004422,2
MF,GO:0052657,2
MF,GO:0004089,2
MF,GO:0004818,2
MF,GO:0046790,2
MF,GO:0008758,2
MF,GO:0016410,2
MF,GO:0019171,2
MF,GO:0004523,2
MF,GO:0008923,2
MF,GO:0004045,2
MF,GO:0033232,2
MF,GO:0015191,2
MF,GO:0000405,2
MF,GO:0070573,2
MF,GO:0047440,2
MF,GO:0050401,2
MF,GO:0008823,2
MF,GO:0008802,2
MF,GO:0008804,2
MF,GO:0016814,2
MF,GO:0036440,2
MF,GO:0050218,2
MF,GO:0030395,2
MF,GO:0015528,2
MF,GO:0004565,2
MF,GO:0016833,2
MF,GO:0018738,2
MF,GO:0004765,2
MF,GO:0004850,2
MF,GO:0009032,2
MF,GO:0016154,2
MF,GO:0004396,2
MF,GO:0008855,2
MF,GO:0004810,2
MF,GO:0008677,2
MF,GO:0051117,2
MF,GO:0017110,2
MF,GO:0002145,2
MF,GO:0015567,2
MF,GO:0004017,2
MF,GO:0004550,2
MF,GO:0043682,2
MF,GO:0052816,2
MF,GO:0016298,2
MF,GO:0008679,2
MF,GO:0043798,2
MF,GO:0008887,2
MF,GO:0005537,2
MF,GO:0004357,2
MF,GO:0022834,2
MF,GO:0008909,2
MF,GO:0061522,2
MF,GO:0005477,2
MF,GO:0008888,2
MF,GO:0016684,2
MF,GO:0102039,2
MF,GO:0004791,2
MF,GO:0008815,2
MF,GO:0000309,2
MF,GO:0003689,2
MF,GO:0035596,2
MF,GO:0004071,2
MF,GO:0003688,2
MF,GO:0004586,2
MF,GO:0004335,2
MF,GO:0015412,2
MF,GO:0015098,2
MF,GO:0033883,2
MF,GO:0004141,2
MF,GO:0061799,2
MF,GO:0008808,2
MF,GO:0004048,2
MF,GO:0008988,2
MF,GO:0015186,2
MF,GO:0042970,2
MF,GO:0097023,2
MF,GO:0008146,2
MF,GO:0008798,2
MF,GO:0043295,2
MF,GO:0043726,2
MF,GO:0015594,2
MF,GO:0016436,2
MF,GO:0070041,2
MF,GO:0034618,2
MF,GO:0008732,2
MF,GO:0004793,2
MF,GO:0042897,2
MF,GO:0004838,2
MF,GO:0008726,2
MF,GO:0008752,2
MF,GO:0070043,2
MF,GO:0004725,2
MF,GO:0008877,2
MF,GO:0015210,2
MF,GO:0015505,2
MF,GO:0016646,2
MF,GO:0035527,2
MF,GO:0008465,2
MF,GO:0030267,2
MF,GO:0120509,2
MF,GO:0016618,2
MF,GO:0042578,2
MF,GO:0016741,2
MF,GO:0016812,2
MF,GO:1990189,2
MF,GO:0008312,2
MF,GO:0090564,2
MF,GO:0055056,2
MF,GO:0036055,2
MF,GO:0034979,2
MF,GO:0061690,2
MF,GO:0050163,2
MF,GO:0106415,2
MF,GO:0016837,2
MF,GO:0004371,2
MF,GO:0015138,2
MF,GO:0015183,2
MF,GO:0015141,2
MF,GO:0008883,2
MF,GO:0016149,2
MF,GO:0036009,2
MF,GO:0015112,2
MF,GO:0003983,2
MF,GO:0003680,2
MF,GO:0120542,2
MF,GO:1900750,2
MF,GO:0004834,2
MF,GO:0004534,2
MF,GO:0008817,2
MF,GO:0008859,2
MF,GO:0004356,2
MF,GO:0033721,2
MF,GO:0034386,2
MF,GO:0015574,2
MF,GO:0008801,2
MF,GO:0015478,2
MF,GO:0015481,2
MF,GO:0016854,2
MF,GO:0003908,2
MF,GO:0071713,2
MF,GO:0015087,2
MF,GO:0015095,2
MF,GO:0015379,2
MF,GO:0016803,2
MF,GO:0019134,2
MF,GO:0003977,2
MF,GO:0103045,2
MF,GO:0047111,2
MF,GO:0004470,2
MF,GO:0070025,2
MF,GO:0019825,2
MF,GO:0004351,2
MF,GO:0005254,2
MF,GO:0008926,2
MF,GO:0009013,2
MF,GO:0036243,2
MF,GO:0098847,2
MF,GO:0008927,2
MF,GO:0015606,2
MF,GO:0008750,2
MF,GO:0005363,2
MF,GO:0047804,2
MF,GO:0004000,2
MF,GO:0102497,2
MF,GO:0008478,2
MF,GO:0016638,2
MF,GO:0046857,2
MF,GO:0015211,2
MF,GO:0071890,2
MF,GO:0004743,2
MF,GO:0008826,2
MF,GO:0004764,2
MF,GO:0090482,2
MF,GO:0004826,2
MF,GO:0140101,2
MF,GO:0003872,2
MF,GO:0050084,2
MF,GO:0000099,2
MF,GO:0090566,2
MF,GO:0009015,2
MF,GO:0047840,2
MF,GO:0008673,2
MF,GO:0033745,2
MF,GO:0016671,2
MF,GO:0004365,2
MF,GO:0002196,2
MF,GO:0005504,2
MF,GO:0004467,2
MF,GO:0046820,2
MF,GO:0005384,2
MF,GO:0008138,2
MF,GO:0004644,2
MF,GO:0016742,2
MF,GO:0004814,2
MF,GO:0015252,2
MF,GO:0015407,2
MF,GO:0140315,2
MF,GO:0008444,2
MF,GO:0043765,2
MF,GO:0019172,2
MF,GO:0046870,2
MF,GO:0008714,2
MF,GO:0008092,2
MF,GO:0000107,2
MF,GO:0008921,2
MF,GO:0008879,2
MF,GO:0008460,2
MF,GO:0004615,2
MF,GO:0008417,2
MF,GO:0009001,2
MF,GO:0015020,2
MF,GO:0008725,2
MF,GO:0001727,2
MF,GO:0015577,2
MF,GO:0008902,2
MF,GO:0004159,2
MF,GO:0005354,2
MF,GO:0140827,2
MF,GO:0033229,2
MF,GO:0030414,2
MF,GO:0001618,2
MF,GO:0047371,2
MF,GO:0034335,2
MF,GO:0008425,2
MF,GO:0008889,2
MF,GO:0036218,2
MF,GO:0004170,2
MF,GO:1901505,2
MF,GO:0042781,2
MF,GO:0004021,2
MF,GO:0008959,2
MF,GO:0016034,2
MF,GO:0004150,2
MF,GO:0005291,2
MF,GO:0016509,2
MF,GO:0008692,2
MF,GO:0042945,2
MF,GO:0004340,2
MF,GO:0015506,2
MF,GO:0003911,2
MF,GO:0045152,2
MF,GO:1901681,2
MF,GO:0140104,2
MF,GO:0043199,2
MF,GO:0008851,2
MF,GO:0004802,2
MF,GO:0051540,2
MF,GO:0008794,2
MF,GO:0004637,2
MF,GO:0004309,2
MF,GO:0008186,2
MF,GO:0047134,2
MF,GO:0015294,2
MF,GO:0004106,2
MF,GO:0005275,2
MF,GO:0019146,2
MF,GO:0016966,2
MF,GO:1902670,2
MF,GO:0030983,2
MF,GO:0008254,2
MF,GO:0004781,2
MF,GO:0017108,2
MF,GO:0071667,2
MF,GO:0004783,2
MF,GO:0008728,2
MF,GO:0008893,2
MF,GO:0008872,2
MF,GO:0015296,2
MF,GO:0140097,2
MF,GO:0015517,2
MF,GO:0015150,2
MF,GO:0062193,2
MF,GO:0070677,2
MF,GO:0110153,2
MF,GO:0044325,2
MF,GO:0047661,2
MF,GO:0015149,2
MF,GO:0004347,2
MF,GO:0004854,2
MF,GO:0008777,2
MF,GO:0004751,2
MF,GO:0022872,2
MF,GO:0008792,2
MF,GO:0016888,2
MF,GO:0034039,2
MF,GO:0015129,2
MF,GO:0004474,2
MF,GO:0003841,2
MF,GO:0004112,2
MF,GO:0047631,2
MF,GO:0019144,2
MF,GO:0050355,2
MF,GO:0004366,2
MF,GO:0008730,2
MF,GO:0036221,2
MF,GO:0004794,2
MF,GO:0004185,2
MF,GO:0017089,2
MF,GO:0004355,2
MF,GO:0015136,2
MF,GO:0106316,2
MF,GO:0098809,2
MF,GO:0004360,2
MF,GO:0008973,2
MF,GO:0008967,2
MF,GO:0008184,2
MF,GO:0043169,2
MF,GO:0046316,2
MF,GO:0001406,2
MF,GO:0019829,2
MF,GO:0015413,2
MF,GO:0015654,2
MF,GO:0033744,2
MF,GO:0004820,2
MF,GO:0033982,2
MF,GO:0034015,2
MF,GO:0008713,2
MF,GO:0043842,2
MF,GO:0008919,2
MF,GO:0008918,2
MF,GO:0015207,2
MF,GO:0032977,2
MF,GO:0015591,2
MF,GO:0052654,2
MF,GO:0008705,2
MF,GO:0001073,2
MF,GO:0036424,2
MF,GO:0015208,2
MF,GO:0015546,2
MF,GO:0140691,2
MF,GO:0015603,2
MF,GO:0032067,2
MF,GO:0004413,1
MF,GO:0004795,1
MF,GO:0000217,1
MF,GO:0005283,1
MF,GO:0016744,1
MF,GO:0061598,1
MF,GO:0015360,1
MF,GO:0008073,1
MF,GO:0008531,1
MF,GO:0003919,1
MF,GO:0004822,1
MF,GO:0051745,1
MF,GO:0047622,1
MF,GO:0008839,1
MF,GO:0004087,1
MF,GO:0120092,1
MF,GO:0008809,1
MF,GO:0051109,1
MF,GO:0051108,1
MF,GO:0016782,1
MF,GO:0052890,1
MF,GO:0044667,1
MF,GO:0051871,1
MF,GO:0051870,1
MF,GO:0008796,1
MF,GO:0000179,1
MF,GO:0016433,1
MF,GO:0052908,1
MF,GO:0050570,1
MF,GO:0160151,1
MF,GO:0160142,1
MF,GO:0140750,1
MF,GO:0003682,1
MF,GO:0008733,1
MF,GO:0019150,1
MF,GO:0008741,1
MF,GO:0048502,1
MF,GO:0030975,1
MF,GO:0071424,1
MF,GO:0008765,1
MF,GO:0047480,1
MF,GO:0008766,1
MF,GO:0051992,1
MF,GO:0008764,1
MF,GO:0051991,1
MF,GO:0050511,1
MF,GO:0008763,1
MF,GO:0103117,1
MF,GO:0045182,1
MF,GO:0043021,1
MF,GO:0004140,1
MF,GO:0003920,1
MF,GO:0004514,1
MF,GO:0005302,1
MF,GO:0004739,1
MF,GO:0004742,1
MF,GO:0047456,1
MF,GO:0004014,1
MF,GO:0016768,1
MF,GO:0004766,1
MF,GO:0043918,1
MF,GO:0010487,1
MF,GO:0016724,1
MF,GO:0008876,1
MF,GO:0004068,1
MF,GO:0004592,1
MF,GO:0003864,1
MF,GO:0003848,1
MF,GO:1990817,1
MF,GO:0097748,1
MF,GO:0008664,1
MF,GO:0004113,1
MF,GO:0015625,1
MF,GO:0015091,1
MF,GO:0042286,1
MF,GO:0062158,1
MF,GO:0008930,1
MF,GO:0008782,1
MF,GO:0016793,1
MF,GO:0008832,1
MF,GO:0008666,1
MF,GO:0008773,1
MF,GO:0004239,1
MF,GO:0005085,1
MF,GO:0033862,1
MF,GO:0030604,1
MF,GO:0008834,1
MF,GO:0045547,1
MF,GO:0004605,1
MF,GO:0103118,1
MF,GO:0008780,1
MF,GO:0008915,1
MF,GO:0032267,1
MF,GO:0004827,1
MF,GO:0089715,1
MF,GO:0034200,1
MF,GO:0047681,1
MF,GO:0106008,1
MF,GO:0050152,1
MF,GO:0070991,1
MF,GO:0004466,1
MF,GO:0008968,1
MF,GO:0032448,1
MF,GO:0000310,1
MF,GO:1901973,1
MF,GO:0004349,1
MF,GO:0004350,1
MF,GO:0032135,1
MF,GO:0000100,1
MF,GO:0008898,1
MF,GO:0061627,1
MF,GO:0015408,1
MF,GO:0009044,1
MF,GO:0008812,1
MF,GO:0046421,1
MF,GO:0050440,1
MF,GO:0047547,1
MF,GO:0015209,1
MF,GO:0004131,1
MF,GO:0035888,1
MF,GO:0008824,1
MF,GO:0008870,1
MF,GO:0031420,1
MF,GO:0008688,1
MF,GO:0016702,1
MF,GO:0047070,1
MF,GO:0018771,1
MF,GO:0052823,1
MF,GO:0008684,1
MF,GO:0008701,1
MF,GO:0015540,1
MF,GO:0106322,1
MF,GO:0080007,1
MF,GO:0051903,1
MF,GO:0106321,1
MF,GO:0015411,1
MF,GO:0000908,1
MF,GO:0004655,1
MF,GO:0015638,1
MF,GO:0004035,1
MF,GO:0030613,1
MF,GO:0004735,1
MF,GO:0019158,1
MF,GO:0008865,1
MF,GO:0004558,1
MF,GO:0008770,1
MF,GO:0051075,1
MF,GO:0008479,1
MF,GO:0015471,1
MF,GO:0008835,1
MF,GO:0008703,1
MF,GO:0000906,1
MF,GO:0009030,1
MF,GO:0042577,1
MF,GO:0008661,1
MF,GO:0004337,1
MF,GO:0120531,1
MF,GO:0004161,1
MF,GO:0140741,1
MF,GO:0008495,1
MF,GO:0015647,1
MF,GO:0002020,1
MF,GO:0008519,1
MF,GO:0008925,1
MF,GO:0003999,1
MF,GO:0019205,1
MF,GO:0008126,1
MF,GO:0008906,1
MF,GO:0106366,1
MF,GO:0008768,1
MF,GO:0043907,1
MF,GO:0016297,1
MF,GO:0004064,1
MF,GO:0043828,1
MF,GO:0004848,1
MF,GO:0050385,1
MF,GO:0009028,1
MF,GO:0008903,1
MF,GO:0004038,1
MF,GO:0071522,1
MF,GO:0047652,1
MF,GO:0009040,1
MF,GO:0034028,1
MF,GO:0004638,1
MF,GO:0034023,1
MF,GO:0004817,1
MF,GO:0004488,1
MF,GO:0004477,1
MF,GO:0019992,1
MF,GO:0016531,1
MF,GO:0004155,1
MF,GO:1903981,1
MF,GO:0008849,1
MF,GO:0015624,1
MF,GO:0008668,1
MF,GO:0008908,1
MF,GO:0008667,1
MF,GO:0010326,1
MF,GO:0016212,1
MF,GO:0008785,1
MF,GO:0033897,1
MF,GO:0008847,1
MF,GO:0046917,1
MF,GO:0050519,1
MF,GO:0008814,1
MF,GO:0008816,1
MF,GO:0051192,1
MF,GO:0008771,1
MF,GO:0016416,1
MF,GO:0062054,1
MF,GO:1903425,1
MF,GO:0016992,1
MF,GO:0033819,1
MF,GO:0070038,1
MF,GO:0043755,1
MF,GO:0070566,1
MF,GO:0004515,1
MF,GO:0004823,1
MF,GO:0102013,1
MF,GO:0016595,1
MF,GO:0070335,1
MF,GO:0035597,1
MF,GO:0008682,1
MF,GO:0004066,1
MF,GO:0008448,1
MF,GO:0103111,1
MF,GO:0090586,1
MF,GO:0090587,1
MF,GO:0015572,1
MF,GO:0004819,1
MF,GO:0004614,1
MF,GO:0015496,1
MF,GO:0003904,1
MF,GO:0016624,1
MF,GO:0004591,1
MF,GO:0004149,1
MF,GO:0090581,1
MF,GO:0004559,1
MF,GO:0019534,1
MF,GO:0008987,1
MF,GO:0034257,1
MF,GO:0008108,1
MF,GO:0003978,1
MF,GO:1901359,1
MF,GO:0030973,1
MF,GO:0017057,1
MF,GO:0016863,1
MF,GO:0030599,1
MF,GO:0004015,1
MF,GO:0004076,1
MF,GO:0008710,1
MF,GO:0102130,1
MF,GO:0010340,1
MF,GO:0043743,1
MF,GO:0061798,1
MF,GO:0030366,1
MF,GO:0004630,1
MF,GO:0047995,1
MF,GO:0047029,1
MF,GO:0052907,1
MF,GO:0070406,1
MF,GO:0103026,1
MF,GO:0061605,1
MF,GO:0061599,1
MF,GO:0103039,1
MF,GO:0035599,1
MF,GO:0030611,1
MF,GO:0019153,1
MF,GO:0018169,1
MF,GO:0050179,1
MF,GO:0052737,1
MF,GO:0050418,1
MF,GO:0015661,1
MF,GO:0015250,1
MF,GO:0140678,1
MF,GO:0008914,1
MF,GO:0016755,1
MF,GO:0036121,1
MF,GO:0004828,1
MF,GO:0004648,1
MF,GO:0003866,1
MF,GO:0036430,1
MF,GO:0036431,1
MF,GO:0015437,1
MF,GO:0009029,1
MF,GO:0008690,1
MF,GO:0097697,1
MF,GO:0016807,1
MF,GO:0004069,1
MF,GO:0004816,1
MF,GO:0004516,1
MF,GO:0016285,1
MF,GO:0052873,1
MF,GO:0008201,1
MF,GO:0106430,1
MF,GO:0004152,1
MF,GO:0052915,1
MF,GO:0034017,1
MF,GO:0015075,1
MF,GO:0008929,1
MF,GO:0003998,1
MF,GO:0052745,1
MF,GO:0016158,1
MF,GO:0015218,1
MF,GO:0005350,1
MF,GO:0052874,1
MF,GO:0052614,1
MF,GO:0003842,1
MF,GO:0004657,1
MF,GO:1901363,1
MF,GO:0015193,1
MF,GO:0005298,1
MF,GO:0008375,1
MF,GO:1901515,1
MF,GO:0061463,1
MF,GO:0001883,1
MF,GO:0090483,1
MF,GO:0016748,1
MF,GO:0008913,1
MF,GO:0016647,1
MF,GO:0050131,1
MF,GO:0008115,1
MF,GO:0004151,1
MF,GO:0008995,1
MF,GO:0017151,1
MF,GO:0160141,1
MF,GO:0043811,1
MF,GO:0033818,1
MF,GO:0004314,1
MF,GO:0004316,1
MF,GO:0000035,1
MF,GO:0000036,1
MF,GO:0008696,1
MF,GO:0015092,1
MF,GO:0043530,1
MF,GO:0019165,1
MF,GO:0016231,1
MF,GO:0004563,1
MF,GO:0120555,1
MF,GO:0043175,1
MF,GO:0045127,1
MF,GO:0045148,1
MF,GO:0004018,1
MF,GO:0070626,1
MF,GO:0103016,1
MF,GO:0004787,1
MF,GO:0160137,1
MF,GO:0004450,1
MF,GO:0008907,1
MF,GO:0008327,1
MF,GO:0009882,1
MF,GO:0009881,1
MF,GO:0060590,1
MF,GO:0018773,1
MF,GO:0000062,1
MF,GO:0008718,1
MF,GO:0061787,1
MF,GO:0008271,1
MF,GO:0004749,1
MF,GO:0050515,1
MF,GO:0102559,1
MF,GO:0008676,1
MF,GO:0061928,1
MF,GO:0003839,1
MF,GO:0005452,1
MF,GO:0008864,1
MF,GO:0004797,1
MF,GO:0004640,1
MF,GO:0004425,1
MF,GO:0097657,1
MF,GO:0035312,1
MF,GO:0160139,1
MF,GO:0140226,1
MF,GO:0030350,1
MF,GO:0003935,1
MF,GO:0008195,1
MF,GO:0000810,1
MF,GO:0004318,1
MF,GO:0034024,1
MF,GO:0033969,1
MF,GO:0110068,1
MF,GO:0033831,1
MF,GO:0003925,1
MF,GO:0103031,1
MF,GO:0061473,1
MF,GO:0004181,1
MF,GO:0015558,1
MF,GO:0022883,1
MF,GO:1990837,1
MF,GO:0051908,1
MF,GO:0043873,1
MF,GO:0008957,1
MF,GO:0047106,1
MF,GO:0008131,1
MF,GO:0016641,1
MF,GO:0016823,1
MF,GO:0097266,1
MF,GO:0008691,1
MF,GO:0033812,1
MF,GO:0047475,1
MF,GO:0050236,1
MF,GO:0050446,1
MF,GO:0016652,1
MF,GO:0008911,1
MF,GO:0050569,1
MF,GO:0004596,1
MF,GO:0046583,1
MF,GO:0042925,1
MF,GO:0019145,1
MF,GO:0052849,1
MF,GO:0016862,1
MF,GO:0004060,1
MF,GO:0046990,1
MF,GO:0015514,1
MF,GO:0008430,1
MF,GO:0047639,1
MF,GO:0004471,1
MF,GO:0009046,1
MF,GO:0160237,1
MF,GO:0019826,1
MF,GO:0071518,1
MF,GO:0002952,1
MF,GO:0030798,1
MF,GO:0009026,1
MF,GO:0008241,1
MF,GO:0008442,1
MF,GO:0031132,1
MF,GO:0004145,1
MF,GO:0043858,1
MF,GO:0071172,1
MF,GO:0004476,1
MF,GO:0004566,1
MF,GO:0008709,1
MF,GO:0106281,1
MF,GO:0046936,1
MF,GO:0004831,1
MF,GO:1902444,1
MF,GO:0004733,1
MF,GO:0008748,1
MF,GO:0004462,1
MF,GO:0033679,1
MF,GO:0002057,1
MF,GO:0008825,1
MF,GO:0004746,1
MF,GO:0016625,1
MF,GO:0051990,1
MF,GO:0030266,1
MF,GO:0052734,1
MF,GO:0052733,1
MF,GO:0003855,1
MF,GO:0031956,1
MF,GO:0008986,1
MF,GO:0004602,1
MF,GO:0004829,1
MF,GO:0009024,1
MF,GO:0003850,1
MF,GO:0004346,1
MF,GO:0052773,1
MF,GO:0036311,1
MF,GO:0008795,1
MF,GO:0003952,1
MF,GO:0009017,1
MF,GO:0043824,1
MF,GO:0008791,1
MF,GO:0043825,1
MF,GO:0008311,1
MF,GO:0016639,1
MF,GO:0004354,1
MF,GO:0004353,1
MF,GO:0004756,1
MF,GO:0008936,1
MF,GO:0019170,1
MF,GO:0033743,1
MF,GO:0047938,1
MF,GO:0009027,1
MF,GO:0046553,1
MF,GO:0033890,1
MF,GO:0070538,1
MF,GO:0102391,1
MF,GO:0120284,1
MF,GO:0010945,1
MF,GO:0008989,1
MF,GO:0052911,1
MF,GO:0034057,1
MF,GO:0070012,1
MF,GO:0043815,1
MF,GO:0008675,1
MF,GO:0106009,1
MF,GO:0008700,1
MF,GO:0004456,1
MF,GO:0004345,1
MF,GO:0019107,1
MF,GO:0015633,1
MF,GO:0000006,1
MF,GO:0019177,1
MF,GO:0008828,1
MF,GO:0004815,1
MF,GO:0051219,1
MF,GO:0008984,1
MF,GO:0050568,1
MF,GO:1990827,1
MF,GO:0008983,1
MF,GO:0043424,1
MF,GO:0003825,1
MF,GO:0004805,1
MF,GO:0015612,1
MF,GO:0019148,1
MF,GO:0019149,1
MF,GO:0016846,1
MF,GO:0140431,1
MF,GO:0160129,1
MF,GO:0050531,1
MF,GO:0003886,1
MF,GO:0033971,1
MF,GO:0016675,1
MF,GO:0016667,1
MF,GO:0015530,1
MF,GO:0044610,1
MF,GO:0015230,1
MF,GO:0008939,1
MF,GO:0008818,1
MF,GO:0051073,1
MF,GO:0008820,1
MF,GO:0043752,1
MF,GO:0051575,1
MF,GO:0015117,1
MF,GO:0003879,1
MF,GO:0004399,1
MF,GO:0004400,1
MF,GO:0004401,1
MF,GO:0004424,1
MF,GO:0003949,1
MF,GO:0004635,1
MF,GO:0004636,1
MF,GO:0003979,1
MF,GO:0004616,1
MF,GO:0008194,1
MF,GO:0008767,1
MF,GO:0008830,1
MF,GO:0008831,1
MF,GO:0089702,1
MF,GO:0004475,1
MF,GO:0046920,1
MF,GO:0008727,1
MF,GO:0047917,1
MF,GO:0050577,1
MF,GO:0008446,1
MF,GO:0035250,1
MF,GO:0008829,1
MF,GO:0004849,1
MF,GO:0043771,1
MF,GO:0043916,1
MF,GO:0032131,1
MF,GO:0003905,1
MF,GO:0008868,1
MF,GO:0008972,1
MF,GO:0004417,1
MF,GO:0052673,1
MF,GO:0140663,1
MF,GO:0004825,1
MF,GO:0033293,1
MF,GO:0031459,1
MF,GO:0102029,1
MF,GO:0102262,1
MF,GO:0004126,1
MF,GO:0001884,1
MF,GO:0003934,1
MF,GO:0015189,1
MF,GO:0008833,1
MF,GO:0004730,1
MF,GO:0050225,1
MF,GO:0008662,1
MF,GO:0160136,1
MF,GO:0050140,1
MF,GO:0004867,1
MF,GO:0008924,1
MF,GO:0035516,1
MF,GO:0035515,1
MF,GO:0102208,1
MF,GO:1901611,1
MF,GO:0010420,1
MF,GO:0061542,1
MF,GO:0015315,1
MF,GO:0015527,1
MF,GO:0106099,1
MF,GO:0050032,1
MF,GO:0099620,1
MF,GO:0099621,1
MF,GO:0099619,1
MF,GO:0048040,1
MF,GO:0099618,1
MF,GO:0000030,1
MF,GO:0103015,1
MF,GO:0008756,1
MF,GO:0043748,1
MF,GO:0008935,1
MF,GO:0070205,1
MF,GO:0070204,1
MF,GO:0004532,1
MF,GO:0016929,1
MF,GO:0043136,1
MF,GO:0008719,1
MF,GO:0106141,1
MF,GO:0004044,1
MF,GO:0004326,1
MF,GO:0008841,1
MF,GO:0160147,1
MF,GO:0033711,1
MF,GO:0016645,1
MF,GO:0004808,1
MF,GO:0004107,1
MF,GO:0101006,1
MF,GO:0015483,1
MF,GO:0008721,1
MF,GO:0036412,1
MF,GO:0008949,1
MF,GO:0033608,1
MF,GO:0008951,1
MF,GO:0005536,1
MF,GO:0015553,1
MF,GO:0015116,1
MF,GO:0009675,1
MF,GO:0050272,1
MF,GO:0016775,1
MF,GO:0102025,1
MF,GO:0036173,1
MF,GO:0052588,1
MF,GO:0016835,1
MF,GO:0090588,1
MF,GO:0046906,1
MF,GO:0034228,1
MF,GO:0004473,1
MF,GO:0043883,1
MF,GO:0052751,1
MF,GO:0009014,1
MF,GO:0051392,1
MF,GO:0106226,1
MF,GO:1990883,1
MF,GO:0004639,1
MF,GO:0008840,1
MF,GO:0004845,1
MF,GO:0004641,1
MF,GO:0008976,1
MF,GO:0016778,1
MF,GO:0043751,1
MF,GO:0003921,1
MF,GO:0003922,1
MF,GO:0003938,1
MF,GO:1990829,1
MF,GO:0032794,1
MF,GO:0004821,1
MF,GO:0141197,1
MF,GO:0046429,1
MF,GO:0070040,1
MF,GO:0002935,1
MF,GO:0004866,1
MF,GO:0016784,1
MF,GO:0034986,1
MF,GO:0160206,1
MF,GO:0106339,1
MF,GO:0052832,1
MF,GO:0008934,1
MF,GO:0052834,1
MF,GO:0031403,1
MF,GO:0047954,1
MF,GO:0042134,1
MF,GO:0018498,1
MF,GO:0008860,1
MF,GO:0004372,1
MF,GO:0005344,1
MF,GO:0008941,1
MF,GO:0004642,1
MF,GO:0008251,1
MF,GO:0052717,1
MF,GO:0033856,1
MF,GO:0016769,1
MF,GO:0004525,1
MF,GO:0009003,1
MF,GO:0008734,1
MF,GO:0016430,1
MF,GO:0016432,1
MF,GO:0003882,1
MF,GO:0017061,1
MF,GO:0160140,1
MF,GO:0004664,1
MF,GO:0004665,1
MF,GO:0008977,1
MF,GO:0052906,1
MF,GO:0000774,1
MF,GO:0003951,1
MF,GO:0106343,1
MF,GO:0050498,1
MF,GO:0140696,1
MF,GO:0102810,1
MF,GO:0047589,1
MF,GO:0015185,1
MF,GO:0034639,1
MF,GO:0005034,1
MF,GO:0050997,1
MF,GO:0043768,1
MF,GO:0141207,1
MF,GO:0004813,1
MF,GO:0019159,1
MF,GO:0009010,1
MF,GO:0070026,1
MF,GO:0015044,1
MF,GO:0016731,1
MF,GO:0008301,1
MF,GO:0032136,1
MF,GO:0004719,1
MF,GO:0160150,1
MF,GO:0008685,1
MF,GO:0070567,1
MF,GO:0050518,1
MF,GO:0004020,1
MF,GO:0097098,1
MF,GO:0004604,1
MF,GO:0070497,1
MF,GO:0016840,1
MF,GO:0004634,1
MF,GO:0003883,1
MF,GO:0140677,1
MF,GO:0160149,1
MF,GO:0033739,1
MF,GO:0047405,1
MF,GO:0047723,1
MF,GO:0048256,1
MF,GO:0008912,1
MF,GO:0052661,1
MF,GO:0052660,1
MF,GO:0008738,1
MF,GO:0015535,1
MF,GO:0015518,1
MF,GO:0009679,1
MF,GO:0008736,1
MF,GO:0008790,1
MF,GO:0008737,1
MF,GO:0042806,1
MF,GO:0036373,1
MF,GO:0061503,1
MF,GO:0004358,1
MF,GO:0004042,1
MF,GO:0004799,1
MF,GO:0008961,1
MF,GO:0034353,1
MF,GO:0051978,1
MF,GO:0005319,1
MF,GO:0008922,1
MF,GO:0008779,1
MF,GO:0008836,1
MF,GO:0033764,1
MF,GO:0008678,1
MF,GO:0102635,1
MF,GO:0047001,1
MF,GO:0008697,1
MF,GO:0008838,1
MF,GO:0061602,1
MF,GO:0003674,1
MF,GO:0018756,1
MF,GO:0008892,1
MF,GO:0015143,1
MF,GO:0004452,1
MF,GO:0045145,1
MF,GO:0106251,1
MF,GO:0004375,1
MF,GO:0016594,1
MF,GO:0004047,1
MF,GO:0019168,1
MF,GO:0008681,1
MF,GO:0030272,1
MF,GO:0004617,1
MF,GO:0070905,1
MF,GO:0004494,1
MF,GO:0004492,1
MF,GO:0003986,1
MF,GO:0043821,1
MF,GO:0061459,1
MF,GO:0004618,1
MF,GO:0048001,1
MF,GO:0008783,1
MF,GO:0004478,1
MF,GO:0004530,1
MF,GO:0070042,1
MF,GO:0004363,1
MF,GO:0036222,1
MF,GO:0036220,1
MF,GO:0035870,1
MF,GO:0008176,1
MF,GO:0000701,1
MF,GO:0035485,1
MF,GO:0032357,1
MF,GO:0015214,1
MF,GO:0003973,1
MF,GO:0008884,1
MF,GO:0008885,1
MF,GO:0047067,1
MF,GO:1990362,1
MF,GO:0047655,1
MF,GO:0018455,1
MF,GO:0004032,1
MF,GO:0050580,1
MF,GO:0004115,1
MF,GO:0050297,1
MF,GO:0008686,1
MF,GO:0033785,1
MF,GO:0033786,1
MF,GO:0008882,1
MF,GO:0047388,1
MF,GO:0160016,1
MF,GO:0043772,1
MF,GO:0015516,1
MF,GO:0061711,1
MF,GO:0140032,1
MF,GO:0000700,1
MF,GO:0008263,1
MF,GO:0052851,1
MF,GO:0033094,1
MF,GO:0019161,1
MF,GO:0008670,1
MF,GO:0052916,1
MF,GO:0015175,1
MF,GO:0005295,1
MF,GO:0008789,1
MF,GO:0008880,1
MF,GO:0015134,1
MF,GO:0019901,1
MF,GO:0043875,1
MF,GO:0008980,1
MF,GO:0016841,1
MF,GO:0008672,1
MF,GO:0008867,1
MF,GO:0043877,1
MF,GO:0004654,1
MF,GO:0160148,1
MF,GO:0004055,1
MF,GO:0008966,1
MF,GO:0004156,1
MF,GO:0008650,1
MF,GO:1990275,1
MF,GO:0106350,1
MF,GO:0008760,1
MF,GO:0005548,1
MF,GO:0008273,1
MF,GO:0019143,1
MF,GO:0015221,1
MF,GO:0015930,1
MF,GO:0009384,1
MF,GO:0047465,1
MF,GO:0015538,1
MF,GO:0046943,1
MF,GO:0008747,1
MF,GO:0030060,1
MF,GO:0016615,1
MF,GO:0043957,1
MF,GO:0004075,1
MF,GO:0015233,1
MF,GO:0071885,1
MF,GO:0016279,1
MF,GO:0044374,1
MF,GO:0061710,1
MF,GO:0042586,1
MF,GO:0004479,1
MF,GO:0030371,1
MF,GO:0001070,1
MF,GO:0008843,1
MF,GO:0008061,1
MF,GO:0034336,1
MF,GO:0050526,1
MF,GO:0047372,1
MF,GO:0008974,1
MF,GO:0009016,1
MF,GO:0008942,1
MF,GO:0004851,1
MF,GO:0051266,1
MF,GO:0043115,1
MF,GO:0015179,1
MF,GO:0004830,1
MF,GO:0031404,1
MF,GO:0016838,1
MF,GO:0003856,1
MF,GO:0004612,1
MF,GO:0017076,1
MF,GO:0004611,1
MF,GO:0003711,1
MF,GO:0090499,1
MF,GO:0140132,1
MF,GO:0004134,1
MF,GO:0031220,1
MF,GO:0048031,1
MF,GO:0170057,1
MF,GO:0003909,1
MF,GO:0103041,1
MF,GO:0009011,1
MF,GO:0004373,1
MF,GO:0008878,1
MF,GO:0004135,1
MF,GO:0120549,1
MF,GO:0003844,1
MF,GO:0004073,1
MF,GO:0008127,1
MF,GO:0050176,1
MF,GO:0036374,1
MF,GO:0034722,1
MF,GO:0103068,1
MF,GO:0047395,1
MF,GO:0047389,1
MF,GO:0015430,1
MF,GO:0070728,1
MF,GO:1905502,1
MF,GO:0005047,1
MF,GO:0052913,1
MF,GO:0016463,1
MF,GO:0015094,1
MF,GO:0008551,1
MF,GO:1901683,1
MF,GO:0036308,1
MF,GO:0036307,1
MF,GO:0004362,1
MF,GO:0042960,1
MF,GO:0008490,1
MF,GO:0015105,1
MF,GO:0004130,1
MF,GO:0015366,1
MF,GO:0008810,1
MF,GO:0016760,1
MF,GO:0016759,1
MF,GO:0043838,1
MF,GO:0008873,1
MF,GO:0103020,1
MF,GO:0004856,1
MF,GO:0009045,1
MF,GO:0015614,1
MF,GO:0015148,1
MF,GO:0009042,1
MF,GO:0047559,1
MF,GO:0008744,1
MF,GO:0140088,1
MF,GO:0035368,1
MF,GO:0004125,1
MF,GO:0090565,1
MF,GO:0004457,1
MF,GO:0141098,1
MF,GO:0008175,1
MF,GO:0141102,1
MF,GO:0141153,1
MF,GO:0141152,1
MF,GO:0047952,1
MF,GO:0008890,1
MF,GO:0008712,1
MF,GO:0008920,1
MF,GO:0008754,1
MF,GO:0071968,1
MF,GO:0047270,1
MF,GO:0071967,1
MF,GO:0004595,1
MF,GO:0008534,1
MF,GO:0004632,1
MF,GO:0004633,1
MF,GO:0004588,1
MF,GO:0009022,1
MF,GO:0004385,1
MF,GO:0141100,1
MF,GO:0015501,1
MF,GO:0061634,1
MF,GO:0080176,1
MF,GO:0000034,1
MF,GO:0015526,1
MF,GO:0042881,1
MF,GO:0008671,1
MF,GO:0004526,1
MF,GO:0009034,1
MF,GO:0015415,1
MF,GO:0032559,1
MF,GO:0015387,1
MF,GO:0016872,1
MF,GO:0015611,1
MF,GO:0004747,1
MF,GO:0004084,1
MF,GO:0052656,1
MF,GO:0052655,1
MF,GO:0004160,1
MF,GO:0004455,1
MF,GO:0008894,1
MF,GO:0030337,1
MF,GO:0036380,1
MF,GO:0008761,1
MF,GO:0089714,1
MF,GO:0019180,1
MF,GO:0140303,1
MF,GO:0030247,1
MF,GO:0047241,1
MF,GO:0004852,1
MF,GO:0004418,1
MF,GO:0004016,1
MF,GO:0008837,1
MF,GO:0004620,1
MF,GO:0008970,1
MF,GO:0004623,1
MF,GO:0008172,1
MF,GO:0003871,1
MF,GO:0008806,1
MF,GO:0043770,1
MF,GO:0061980,1
MF,GO:0008494,1
MF,GO:0120233,1
MF,GO:0008694,1
MF,GO:0052875,1
MF,GO:0004165,1
MF,GO:0016795,1
MF,GO:0102009,1
MF,GO:0004729,1
MF,GO:0070819,1
MF,GO:0061603,1
MF,GO:0070568,1
MF,GO:0005096,1
MF,GO:0051989,1
MF,GO:1901682,1
MF,GO:1990929,1
MF,GO:0061593,1
MF,GO:0050089,1
MF,GO:0061595,1
MF,GO:0047577,1
MF,GO:0061596,1
MF,GO:0061594,1
MF,GO:0051499,1
MF,GO:0051500,1
MF,GO:0106026,1
MF,GO:0043908,1
MF,GO:0062192,1
MF,GO:0008994,1
MF,GO:0033296,1
MF,GO:0008740,1
MF,GO:0008993,1
MF,GO:0015153,1
MF,GO:0015649,1
MF,GO:0015341,1
MF,GO:0140826,1
MF,GO:0005381,1
MF,GO:0032553,1
MF,GO:0070095,1
MF,GO:0008715,1
MF,GO:0004807,1
MF,GO:0004324,1
MF,GO:0004370,1
MF,GO:0005372,1
MF,GO:0015254,1
MF,GO:0015168,1
MF,GO:0046428,1
MF,GO:0036402,1
MF,GO:0004298,1
MF,GO:0003962,1
MF,GO:0004123,1
MF,GO:0106312,1
MF,GO:0004489,1
MF,GO:0019147,1
MF,GO:0008964,1
MF,GO:0003942,1
MF,GO:0003991,1
MF,GO:0004056,1
MF,GO:0003957,1
MF,GO:0030697,1
MF,GO:0008881,1
MF,GO:0008762,1
MF,GO:0004077,1
MF,GO:0009374,1
MF,GO:0004594,1
MF,GO:0050165,1
MF,GO:0032549,1
MF,GO:0036355,1
MF,GO:1990107,1
MF,GO:0004789,1
MF,GO:0070284,1
MF,GO:0000210,1
MF,GO:0035529,1
MF,GO:0004853,1
MF,GO:0043737,1
MF,GO:0004643,1
MF,GO:0003937,1
MF,GO:0008899,1
MF,GO:0004414,1
MF,GO:0004451,1
MF,GO:0008772,1
MF,GO:0005436,1
MF,GO:0160138,1
MF,GO:0015519,1
MF,GO:1901982,1
MF,GO:0042958,1
MF,GO:0008813,1
MF,GO:0008412,1
MF,GO:0004143,1
MF,GO:0102266,1
MF,GO:0102264,1
MF,GO:0035925,1
MF,GO:0003960,1
MF,GO:0008793,1
MF,GO:0003993,1
MF,GO:0005345,1
MF,GO:0015123,1
MF,GO:0033558,1
MF,GO:0003987,1
MF,GO:0005280,1
MF,GO:0018741,1
MF,GO:0008787,1
MF,GO:0034700,1
MF,GO:0015615,1
MF,GO:0008786,1
MF,GO:0103043,1
MF,GO:0033863,1
MF,GO:0098848,1
MF,GO:0015416,1
MF,GO:0005297,1
MF,GO:0043862,1
MF,GO:0004557,1
MF,GO:0015487,1
MF,GO:0043887,1
MF,GO:0015486,1
MF,GO:0047808,1
MF,GO:0043872,1
MF,GO:0008797,1
MF,GO:0005294,1
MF,GO:0000102,1
MF,GO:0016869,1
MF,GO:0016880,1
MF,GO:0052868,1
MF,GO:0004609,1
MF,GO:0052693,1
MF,GO:0052856,1
MF,GO:0052855,1
MF,GO:0052381,1
MF,GO:0004019,1
MF,GO:0070039,1
MF,GO:0008470,1
MF,GO:0061133,1
MF,GO:0035460,1
MF,GO:0005528,1
MF,GO:0001761,1
MF,GO:0015187,1
MF,GO:0042944,1
MF,GO:0015180,1
MF,GO:0008663,1
MF,GO:0008441,1
MF,GO:0008113,1
MF,GO:0061929,1
MF,GO:0004427,1
MF,GO:0005534,1
MF,GO:0015399,1
MF,GO:0106418,1
MF,GO:0032567,1
MF,GO:0008998,1
MF,GO:0032556,1
MF,GO:0032564,1
MF,GO:0008788,1
MF,GO:0015444,1
MF,GO:0120243,1
MF,GO:0120242,1
MF,GO:0120241,1
MF,GO:0004070,1
MF,GO:0004832,1
MF,GO:0015568,1
MF,GO:0008874,1
MF,GO:0050572,1
MF,GO:0102198,1
MF,GO:0001681,1
MF,GO:0008866,1
MF,GO:0000215,1
MF,GO:0009035,1
MF,GO:0015666,1
MF,GO:0008960,1
MF,GO:0000293,1
MF,GO:0052914,1
MF,GO:0016150,1
MF,GO:0004139,1
MF,GO:0017118,1
MF,GO:0016979,1
MF,GO:0050262,1
MF,GO:0103023,1
MF,GO:0008609,1
MF,GO:1990814,1
MF,GO:0003963,1
MF,GO:0005402,1
MF,GO:0008674,1
MF,GO:0008869,1
MF,GO:0102031,1
MF,GO:0103116,1
MF,GO:0044547,1
MF,GO:0005253,1
CC,GO:0005886,1230
CC,GO:0005829,1046
CC,GO:0005737,940
CC,GO:0016020,888
CC,GO:0030288,206
CC,GO:0042597,183
CC,GO:0055052,150
CC,GO:0009279,125
CC,GO:0043190,98
CC,GO:0032991,83
CC,GO:0032993,61
CC,GO:0005840,59
CC,GO:1990904,58
CC,GO:1902495,45
CC,GO:0009289,36
CC,GO:0022625,34
CC,GO:0032153,33
CC,GO:0019867,27
CC,GO:0009288,27
CC,GO:0110001,24
CC,GO:0022627,23
CC,GO:0009898,21
CC,GO:0009326,21
CC,GO:0046930,19
CC,GO:1990204,18
CC,GO:0009425,18
CC,GO:0098797,17
CC,GO:0009295,16
CC,GO:0098567,16
CC,GO:0005667,15
CC,GO:0015627,15
CC,GO:0030894,14
CC,GO:1990281,14
CC,GO:0030964,14
CC,GO:0043590,13
CC,GO:0044569,13
CC,GO:0045271,13
CC,GO:0031469,13
CC,GO:0015935,12
CC,GO:1990586,12
CC,GO:0005576,12
CC,GO:1902494,12
CC,GO:1990228,11
CC,GO:0000345,11
CC,GO:1990351,10
CC,GO:0060187,10
CC,GO:0015934,10
CC,GO:0045259,10
CC,GO:0120102,9
CC,GO:0030257,9
CC,GO:1903103,8
CC,GO:0031522,8
CC,GO:0009360,8
CC,GO:0009276,8
CC,GO:0008023,8
CC,GO:1990077,8
CC,GO:0005694,8
CC,GO:0009325,8
CC,GO:0110142,7
CC,GO:1903865,7
CC,GO:0048476,7
CC,GO:0031471,7
CC,GO:0005948,6
CC,GO:1990229,6
CC,GO:0070069,6
CC,GO:0000935,6
CC,GO:0098561,6
CC,GO:0000428,6
CC,GO:1904176,6
CC,GO:0061694,6
CC,GO:1990063,5
CC,GO:0031241,5
CC,GO:0120101,5
CC,GO:0009376,5
CC,GO:1990159,5
CC,GO:0030313,5
CC,GO:0030694,5
CC,GO:0009424,5
CC,GO:0030428,5
CC,GO:0035796,5
CC,GO:1990158,5
CC,GO:0005960,4
CC,GO:0009317,4
CC,GO:0009361,4
CC,GO:1990391,4
CC,GO:0009319,4
CC,GO:1990160,4
CC,GO:0033281,4
CC,GO:0043846,4
CC,GO:0031004,4
CC,GO:0045273,4
CC,GO:0009380,4
CC,GO:0019898,4
CC,GO:0009390,4
CC,GO:0005615,4
CC,GO:1990061,4
CC,GO:0062077,4
CC,GO:1990230,4
CC,GO:0009433,4
CC,GO:0120107,4
CC,GO:0009330,4
CC,GO:0005971,4
CC,GO:0009331,4
CC,GO:0036125,4
CC,GO:1990154,4
CC,GO:0009334,4
CC,GO:1904949,4
CC,GO:1990531,4
CC,GO:1902517,4
CC,GO:1990060,4
CC,GO:0045283,4
CC,GO:1990587,3
CC,GO:0045254,3
CC,GO:0045252,3
CC,GO:1990191,3
CC,GO:0032045,3
CC,GO:0019897,3
CC,GO:0031234,3
CC,GO:0044776,3
CC,GO:0106234,3
CC,GO:1990197,3
CC,GO:1990221,3
CC,GO:0009368,3
CC,GO:1990103,3
CC,GO:0009346,3
CC,GO:1990196,3
CC,GO:0000796,3
CC,GO:0062155,3
CC,GO:0009355,3
CC,GO:1990234,3
CC,GO:0044799,3
CC,GO:0000408,3
CC,GO:0009379,3
CC,GO:0051286,3
CC,GO:0009986,3
CC,GO:1990078,3
CC,GO:1990222,3
CC,GO:0032300,3
CC,GO:0005856,3
CC,GO:0009338,3
CC,GO:0002197,3
CC,GO:0098796,3
CC,GO:0031317,3
CC,GO:0017117,3
CC,GO:1902503,3
CC,GO:0009419,3
CC,GO:1905348,3
CC,GO:0019812,3
CC,GO:0005951,2
CC,GO:0009316,2
CC,GO:1990588,2
CC,GO:0009329,2
CC,GO:0009341,2
CC,GO:0009318,2
CC,GO:1990178,2
CC,GO:0009366,2
CC,GO:0009321,2
CC,GO:0042709,2
CC,GO:1990140,2
CC,GO:1990133,2
CC,GO:1990084,2
CC,GO:0055051,2
CC,GO:1990177,2
CC,GO:0034702,2
CC,GO:0009375,2
CC,GO:1904852,2
CC,GO:0005950,2
CC,GO:1902912,2
CC,GO:1990193,2
CC,GO:0009328,2
CC,GO:0009356,2
CC,GO:0009382,2
CC,GO:0140690,2
CC,GO:0009333,2
CC,GO:0009350,2
CC,GO:1990085,2
CC,GO:1990330,2
CC,GO:1990329,2
CC,GO:1905360,2
CC,GO:0009336,2
CC,GO:0009337,2
CC,GO:1990156,2
CC,GO:1990102,2
CC,GO:0009274,2
CC,GO:0009342,2
CC,GO:1905368,2
CC,GO:0031421,2
CC,GO:1990082,2
CC,GO:0009344,2
CC,GO:0009345,2
CC,GO:0002144,2
CC,GO:0033202,2
CC,GO:1902508,2
CC,GO:1990100,2
CC,GO:0097347,2
CC,GO:0031250,2
CC,GO:0009347,2
CC,GO:0016234,1
CC,GO:1902560,1
CC,GO:0044096,1
CC,GO:1990065,1
CC,GO:0032299,1
CC,GO:1990205,1
CC,GO:0031240,1
CC,GO:0009349,1
CC,GO:0098803,1
CC,GO:0097495,1
CC,GO:1990207,1
CC,GO:0019866,1
CC,GO:1990097,1
CC,GO:1990198,1
CC,GO:0044384,1
CC,GO:1990195,1
CC,GO:1902515,1
CC,GO:1990199,1
CC,GO:1990201,1
CC,GO:1990202,1
CC,GO:0097047,1
CC,GO:0098562,1
CC,GO:0009426,1
CC,GO:0009427,1
CC,GO:0009428,1
CC,GO:1902555,1
CC,GO:0020002,1
CC,GO:0002189,1
CC,GO:1990235,1
CC,GO:0034707,1
CC,GO:0036411,1
CC,GO:1990148,1
CC,GO:0043597,1
CC,GO:0009421,1
CC,GO:0005657,1
CC,GO:0009431,1
CC,GO:0009358,1
CC,GO:0048500,1
CC,GO:1990710,1
CC,GO:0000015,1
CC,GO:0097268,1
CC,GO:0043527,1
CC,GO:0009339,1
CC,GO:0045121,1
CC,GO:1902687,1
CC,GO:0099513,1
CC,GO:0000786,1
CC,GO:0010170,1
CC,GO:0030880,1
CC,GO:1990101,1
CC,GO:0030677,1
CC,GO:0033177,1
CC,GO:0043600,1
CC,GO:0005945,1
CC,GO:0005839,1
CC,GO:0017053,1
CC,GO:0044777,1
CC,GO:0009365,1
CC,GO:1990099,1
CC,GO:0043231,1
CC,GO:0033644,1
CC,GO:0022626,1
CC,GO:0031472,1
